ID_1,ID_2,sequence_1,sequence_2,mean_score_1,mean_score_2,35boxstart_1,35boxstart_2,10boxstart_1,10boxstart_2,rank
UV5,WT,TCGAGTTTACACTTTATGCTTCCGGCTCGTATAATGTGTGG,CAGGCTTTACACTTTATGCTTCCGGCTCGTATGTTGTGTGG,41.8,53.45,5,5,29,29,1
UV5,WTDL10,TCGAGTTTACACTTTATGCTTCCGGCTCGTATAATGTGTGG,CAGGCATTACACTTTATGCTTCCGGCTCGTATGTTGTGTGG,41.8,57.83,5,5,29,29,1
UV5,WTDL20,TCGAGTTTACACTTTATGCTTCCGGCTCGTATAATGTGTGG,CAGGCTTAAGACTTTATGCTTCCGGCTCGTATGTTGTGTGG,41.8,69.03,5,5,29,29,1
UV5,WTDL20v2,TCGAGTTTACACTTTATGCTTCCGGCTCGTATAATGTGTGG,CAGGCCTTAGACTTTATGCTTCCGGCTCGTATGTTGTGTGG,41.8,69.93,5,5,29,29,1
UV5,WTDL30,TCGAGTTTACACTTTATGCTTCCGGCTCGTATAATGTGTGG,CAGGCCTCAGACTTTATGCTTCCGGCTCGTATGTTGTGTGG,41.8,76.0,5,5,29,29,1
UV5,WTDR30,TCGAGTTTACACTTTATGCTTCCGGCTCGTATAATGTGTGG,CAGGCTTTACACTTTATGCTTCCGGCTCGGTTGTAGTGTGG,41.8,81.46,5,5,29,29,1
UV5,5DL1,TCGAGTTTACACTTTATGCTTCCGGCTCGTATAATGTGTGG,TCGCGTTTACACTTTATGCTTCCGGCTCGTATAATGTGTGG,41.8,42.74,5,5,29,29,1
UV5,5DL5,TCGAGTTTACACTTTATGCTTCCGGCTCGTATAATGTGTGG,TCGTGTTTACCCTTTATGCTTCCGGCTCGTATAATGTGTGG,41.8,49.57,5,5,29,29,1
UV5,5DL10,TCGAGTTTACACTTTATGCTTCCGGCTCGTATAATGTGTGG,TCGAGATTACACTTTATGCTTCCGGCTCGTATAATGTGTGG,41.8,46.18,5,5,29,29,1
UV5,5DL20,TCGAGTTTACACTTTATGCTTCCGGCTCGTATAATGTGTGG,TCGAGTTAAGACTTTATGCTTCCGGCTCGTATAATGTGTGG,41.8,57.38,5,5,29,29,1
UV5,5DL30,TCGAGTTTACACTTTATGCTTCCGGCTCGTATAATGTGTGG,TCGAGCTCAGACTTTATGCTTCCGGCTCGTATAATGTGTGG,41.8,64.35,5,5,29,29,1
UV5,5DR1,TCGAGTTTACACTTTATGCTTCCGGCTCGTATAATGTGTGG,TCGAGTTTACACTTTATGCTTCCGGCTCGTATAATGGGTGG,41.8,42.7,5,5,29,29,1
UV5,5DR1v2,TCGAGTTTACACTTTATGCTTCCGGCTCGTATAATGTGTGG,TCGAGTTTACACTTTATGCTTCCGGCTCGTATAATGGGAGG,41.8,42.85,5,5,29,29,1
UV5,5DR5,TCGAGTTTACACTTTATGCTTCCGGCTCGTATAATGTGTGG,TCGAGTTTACACTTTATGCTTCCGGCTCGAATAATGTGTGG,41.8,46.74,5,5,29,29,1
UV5,5DR10,TCGAGTTTACACTTTATGCTTCCGGCTCGTATAATGTGTGG,TCGAGTTTACACTTTATGCTTCCGGCTCGGATAATGTGTGG,41.8,51.76,5,5,29,29,1
UV5,5DR20,TCGAGTTTACACTTTATGCTTCCGGCTCGTATAATGTGTGG,TCGAGTTTACACTTTATGCTTCCGGCTCGGATAACGTGTGG,41.8,62.58,5,5,29,29,1
UV5,5DR30,TCGAGTTTACACTTTATGCTTCCGGCTCGTATAATGTGTGG,TCGAGTTTACACTTTATGCTTCCGGCTCGGTTAAAGTGTGG,41.8,69.81,5,5,29,29,1
WT,WTDL10,CAGGCTTTACACTTTATGCTTCCGGCTCGTATGTTGTGTGG,CAGGCATTACACTTTATGCTTCCGGCTCGTATGTTGTGTGG,53.45,57.83,5,5,29,29,1
WT,WTDL20,CAGGCTTTACACTTTATGCTTCCGGCTCGTATGTTGTGTGG,CAGGCTTAAGACTTTATGCTTCCGGCTCGTATGTTGTGTGG,53.45,69.03,5,5,29,29,1
WT,WTDL20v2,CAGGCTTTACACTTTATGCTTCCGGCTCGTATGTTGTGTGG,CAGGCCTTAGACTTTATGCTTCCGGCTCGTATGTTGTGTGG,53.45,69.93,5,5,29,29,1
WT,WTDL30,CAGGCTTTACACTTTATGCTTCCGGCTCGTATGTTGTGTGG,CAGGCCTCAGACTTTATGCTTCCGGCTCGTATGTTGTGTGG,53.45,76.0,5,5,29,29,1
WT,WTDR30,CAGGCTTTACACTTTATGCTTCCGGCTCGTATGTTGTGTGG,CAGGCTTTACACTTTATGCTTCCGGCTCGGTTGTAGTGTGG,53.45,81.46,5,5,29,29,1
WT,5DL1,CAGGCTTTACACTTTATGCTTCCGGCTCGTATGTTGTGTGG,TCGCGTTTACACTTTATGCTTCCGGCTCGTATAATGTGTGG,53.45,42.74,5,5,29,29,-1
WT,5DL5,CAGGCTTTACACTTTATGCTTCCGGCTCGTATGTTGTGTGG,TCGTGTTTACCCTTTATGCTTCCGGCTCGTATAATGTGTGG,53.45,49.57,5,5,29,29,-1
WT,5DL10,CAGGCTTTACACTTTATGCTTCCGGCTCGTATGTTGTGTGG,TCGAGATTACACTTTATGCTTCCGGCTCGTATAATGTGTGG,53.45,46.18,5,5,29,29,-1
WT,5DL20,CAGGCTTTACACTTTATGCTTCCGGCTCGTATGTTGTGTGG,TCGAGTTAAGACTTTATGCTTCCGGCTCGTATAATGTGTGG,53.45,57.38,5,5,29,29,1
WT,5DL30,CAGGCTTTACACTTTATGCTTCCGGCTCGTATGTTGTGTGG,TCGAGCTCAGACTTTATGCTTCCGGCTCGTATAATGTGTGG,53.45,64.35,5,5,29,29,1
WT,5DR1,CAGGCTTTACACTTTATGCTTCCGGCTCGTATGTTGTGTGG,TCGAGTTTACACTTTATGCTTCCGGCTCGTATAATGGGTGG,53.45,42.7,5,5,29,29,-1
WT,5DR1v2,CAGGCTTTACACTTTATGCTTCCGGCTCGTATGTTGTGTGG,TCGAGTTTACACTTTATGCTTCCGGCTCGTATAATGGGAGG,53.45,42.85,5,5,29,29,-1
WT,5DR5,CAGGCTTTACACTTTATGCTTCCGGCTCGTATGTTGTGTGG,TCGAGTTTACACTTTATGCTTCCGGCTCGAATAATGTGTGG,53.45,46.74,5,5,29,29,-1
WT,5DR10,CAGGCTTTACACTTTATGCTTCCGGCTCGTATGTTGTGTGG,TCGAGTTTACACTTTATGCTTCCGGCTCGGATAATGTGTGG,53.45,51.76,5,5,29,29,-1
WT,5DR20,CAGGCTTTACACTTTATGCTTCCGGCTCGTATGTTGTGTGG,TCGAGTTTACACTTTATGCTTCCGGCTCGGATAACGTGTGG,53.45,62.58,5,5,29,29,1
WT,5DR30,CAGGCTTTACACTTTATGCTTCCGGCTCGTATGTTGTGTGG,TCGAGTTTACACTTTATGCTTCCGGCTCGGTTAAAGTGTGG,53.45,69.81,5,5,29,29,1
WTDL10,WTDL20,CAGGCATTACACTTTATGCTTCCGGCTCGTATGTTGTGTGG,CAGGCTTAAGACTTTATGCTTCCGGCTCGTATGTTGTGTGG,57.83,69.03,5,5,29,29,1
WTDL10,WTDL20v2,CAGGCATTACACTTTATGCTTCCGGCTCGTATGTTGTGTGG,CAGGCCTTAGACTTTATGCTTCCGGCTCGTATGTTGTGTGG,57.83,69.93,5,5,29,29,1
WTDL10,WTDL30,CAGGCATTACACTTTATGCTTCCGGCTCGTATGTTGTGTGG,CAGGCCTCAGACTTTATGCTTCCGGCTCGTATGTTGTGTGG,57.83,76.0,5,5,29,29,1
WTDL10,WTDR30,CAGGCATTACACTTTATGCTTCCGGCTCGTATGTTGTGTGG,CAGGCTTTACACTTTATGCTTCCGGCTCGGTTGTAGTGTGG,57.83,81.46,5,5,29,29,1
WTDL10,5DL1,CAGGCATTACACTTTATGCTTCCGGCTCGTATGTTGTGTGG,TCGCGTTTACACTTTATGCTTCCGGCTCGTATAATGTGTGG,57.83,42.74,5,5,29,29,-1
WTDL10,5DL5,CAGGCATTACACTTTATGCTTCCGGCTCGTATGTTGTGTGG,TCGTGTTTACCCTTTATGCTTCCGGCTCGTATAATGTGTGG,57.83,49.57,5,5,29,29,-1
WTDL10,5DL10,CAGGCATTACACTTTATGCTTCCGGCTCGTATGTTGTGTGG,TCGAGATTACACTTTATGCTTCCGGCTCGTATAATGTGTGG,57.83,46.18,5,5,29,29,-1
WTDL10,5DL20,CAGGCATTACACTTTATGCTTCCGGCTCGTATGTTGTGTGG,TCGAGTTAAGACTTTATGCTTCCGGCTCGTATAATGTGTGG,57.83,57.38,5,5,29,29,-1
WTDL10,5DL30,CAGGCATTACACTTTATGCTTCCGGCTCGTATGTTGTGTGG,TCGAGCTCAGACTTTATGCTTCCGGCTCGTATAATGTGTGG,57.83,64.35,5,5,29,29,1
WTDL10,5DR1,CAGGCATTACACTTTATGCTTCCGGCTCGTATGTTGTGTGG,TCGAGTTTACACTTTATGCTTCCGGCTCGTATAATGGGTGG,57.83,42.7,5,5,29,29,-1
WTDL10,5DR1v2,CAGGCATTACACTTTATGCTTCCGGCTCGTATGTTGTGTGG,TCGAGTTTACACTTTATGCTTCCGGCTCGTATAATGGGAGG,57.83,42.85,5,5,29,29,-1
WTDL10,5DR5,CAGGCATTACACTTTATGCTTCCGGCTCGTATGTTGTGTGG,TCGAGTTTACACTTTATGCTTCCGGCTCGAATAATGTGTGG,57.83,46.74,5,5,29,29,-1
WTDL10,5DR10,CAGGCATTACACTTTATGCTTCCGGCTCGTATGTTGTGTGG,TCGAGTTTACACTTTATGCTTCCGGCTCGGATAATGTGTGG,57.83,51.76,5,5,29,29,-1
WTDL10,5DR20,CAGGCATTACACTTTATGCTTCCGGCTCGTATGTTGTGTGG,TCGAGTTTACACTTTATGCTTCCGGCTCGGATAACGTGTGG,57.83,62.58,5,5,29,29,1
WTDL10,5DR30,CAGGCATTACACTTTATGCTTCCGGCTCGTATGTTGTGTGG,TCGAGTTTACACTTTATGCTTCCGGCTCGGTTAAAGTGTGG,57.83,69.81,5,5,29,29,1
WTDL20,WTDL20v2,CAGGCTTAAGACTTTATGCTTCCGGCTCGTATGTTGTGTGG,CAGGCCTTAGACTTTATGCTTCCGGCTCGTATGTTGTGTGG,69.03,69.93,5,5,29,29,1
WTDL20,WTDL30,CAGGCTTAAGACTTTATGCTTCCGGCTCGTATGTTGTGTGG,CAGGCCTCAGACTTTATGCTTCCGGCTCGTATGTTGTGTGG,69.03,76.0,5,5,29,29,1
WTDL20,WTDR30,CAGGCTTAAGACTTTATGCTTCCGGCTCGTATGTTGTGTGG,CAGGCTTTACACTTTATGCTTCCGGCTCGGTTGTAGTGTGG,69.03,81.46,5,5,29,29,1
WTDL20,5DL1,CAGGCTTAAGACTTTATGCTTCCGGCTCGTATGTTGTGTGG,TCGCGTTTACACTTTATGCTTCCGGCTCGTATAATGTGTGG,69.03,42.74,5,5,29,29,-1
WTDL20,5DL5,CAGGCTTAAGACTTTATGCTTCCGGCTCGTATGTTGTGTGG,TCGTGTTTACCCTTTATGCTTCCGGCTCGTATAATGTGTGG,69.03,49.57,5,5,29,29,-1
WTDL20,5DL10,CAGGCTTAAGACTTTATGCTTCCGGCTCGTATGTTGTGTGG,TCGAGATTACACTTTATGCTTCCGGCTCGTATAATGTGTGG,69.03,46.18,5,5,29,29,-1
WTDL20,5DL20,CAGGCTTAAGACTTTATGCTTCCGGCTCGTATGTTGTGTGG,TCGAGTTAAGACTTTATGCTTCCGGCTCGTATAATGTGTGG,69.03,57.38,5,5,29,29,-1
WTDL20,5DL30,CAGGCTTAAGACTTTATGCTTCCGGCTCGTATGTTGTGTGG,TCGAGCTCAGACTTTATGCTTCCGGCTCGTATAATGTGTGG,69.03,64.35,5,5,29,29,-1
WTDL20,5DR1,CAGGCTTAAGACTTTATGCTTCCGGCTCGTATGTTGTGTGG,TCGAGTTTACACTTTATGCTTCCGGCTCGTATAATGGGTGG,69.03,42.7,5,5,29,29,-1
WTDL20,5DR1v2,CAGGCTTAAGACTTTATGCTTCCGGCTCGTATGTTGTGTGG,TCGAGTTTACACTTTATGCTTCCGGCTCGTATAATGGGAGG,69.03,42.85,5,5,29,29,-1
WTDL20,5DR5,CAGGCTTAAGACTTTATGCTTCCGGCTCGTATGTTGTGTGG,TCGAGTTTACACTTTATGCTTCCGGCTCGAATAATGTGTGG,69.03,46.74,5,5,29,29,-1
WTDL20,5DR10,CAGGCTTAAGACTTTATGCTTCCGGCTCGTATGTTGTGTGG,TCGAGTTTACACTTTATGCTTCCGGCTCGGATAATGTGTGG,69.03,51.76,5,5,29,29,-1
WTDL20,5DR20,CAGGCTTAAGACTTTATGCTTCCGGCTCGTATGTTGTGTGG,TCGAGTTTACACTTTATGCTTCCGGCTCGGATAACGTGTGG,69.03,62.58,5,5,29,29,-1
WTDL20,5DR30,CAGGCTTAAGACTTTATGCTTCCGGCTCGTATGTTGTGTGG,TCGAGTTTACACTTTATGCTTCCGGCTCGGTTAAAGTGTGG,69.03,69.81,5,5,29,29,1
WTDL20v2,WTDL30,CAGGCCTTAGACTTTATGCTTCCGGCTCGTATGTTGTGTGG,CAGGCCTCAGACTTTATGCTTCCGGCTCGTATGTTGTGTGG,69.93,76.0,5,5,29,29,1
WTDL20v2,WTDR30,CAGGCCTTAGACTTTATGCTTCCGGCTCGTATGTTGTGTGG,CAGGCTTTACACTTTATGCTTCCGGCTCGGTTGTAGTGTGG,69.93,81.46,5,5,29,29,1
WTDL20v2,5DL1,CAGGCCTTAGACTTTATGCTTCCGGCTCGTATGTTGTGTGG,TCGCGTTTACACTTTATGCTTCCGGCTCGTATAATGTGTGG,69.93,42.74,5,5,29,29,-1
WTDL20v2,5DL5,CAGGCCTTAGACTTTATGCTTCCGGCTCGTATGTTGTGTGG,TCGTGTTTACCCTTTATGCTTCCGGCTCGTATAATGTGTGG,69.93,49.57,5,5,29,29,-1
WTDL20v2,5DL10,CAGGCCTTAGACTTTATGCTTCCGGCTCGTATGTTGTGTGG,TCGAGATTACACTTTATGCTTCCGGCTCGTATAATGTGTGG,69.93,46.18,5,5,29,29,-1
WTDL20v2,5DL20,CAGGCCTTAGACTTTATGCTTCCGGCTCGTATGTTGTGTGG,TCGAGTTAAGACTTTATGCTTCCGGCTCGTATAATGTGTGG,69.93,57.38,5,5,29,29,-1
WTDL20v2,5DL30,CAGGCCTTAGACTTTATGCTTCCGGCTCGTATGTTGTGTGG,TCGAGCTCAGACTTTATGCTTCCGGCTCGTATAATGTGTGG,69.93,64.35,5,5,29,29,-1
WTDL20v2,5DR1,CAGGCCTTAGACTTTATGCTTCCGGCTCGTATGTTGTGTGG,TCGAGTTTACACTTTATGCTTCCGGCTCGTATAATGGGTGG,69.93,42.7,5,5,29,29,-1
WTDL20v2,5DR1v2,CAGGCCTTAGACTTTATGCTTCCGGCTCGTATGTTGTGTGG,TCGAGTTTACACTTTATGCTTCCGGCTCGTATAATGGGAGG,69.93,42.85,5,5,29,29,-1
WTDL20v2,5DR5,CAGGCCTTAGACTTTATGCTTCCGGCTCGTATGTTGTGTGG,TCGAGTTTACACTTTATGCTTCCGGCTCGAATAATGTGTGG,69.93,46.74,5,5,29,29,-1
WTDL20v2,5DR10,CAGGCCTTAGACTTTATGCTTCCGGCTCGTATGTTGTGTGG,TCGAGTTTACACTTTATGCTTCCGGCTCGGATAATGTGTGG,69.93,51.76,5,5,29,29,-1
WTDL20v2,5DR20,CAGGCCTTAGACTTTATGCTTCCGGCTCGTATGTTGTGTGG,TCGAGTTTACACTTTATGCTTCCGGCTCGGATAACGTGTGG,69.93,62.58,5,5,29,29,-1
WTDL20v2,5DR30,CAGGCCTTAGACTTTATGCTTCCGGCTCGTATGTTGTGTGG,TCGAGTTTACACTTTATGCTTCCGGCTCGGTTAAAGTGTGG,69.93,69.81,5,5,29,29,-1
WTDL30,WTDR30,CAGGCCTCAGACTTTATGCTTCCGGCTCGTATGTTGTGTGG,CAGGCTTTACACTTTATGCTTCCGGCTCGGTTGTAGTGTGG,76.0,81.46,5,5,29,29,1
WTDL30,5DL1,CAGGCCTCAGACTTTATGCTTCCGGCTCGTATGTTGTGTGG,TCGCGTTTACACTTTATGCTTCCGGCTCGTATAATGTGTGG,76.0,42.74,5,5,29,29,-1
WTDL30,5DL5,CAGGCCTCAGACTTTATGCTTCCGGCTCGTATGTTGTGTGG,TCGTGTTTACCCTTTATGCTTCCGGCTCGTATAATGTGTGG,76.0,49.57,5,5,29,29,-1
WTDL30,5DL10,CAGGCCTCAGACTTTATGCTTCCGGCTCGTATGTTGTGTGG,TCGAGATTACACTTTATGCTTCCGGCTCGTATAATGTGTGG,76.0,46.18,5,5,29,29,-1
WTDL30,5DL20,CAGGCCTCAGACTTTATGCTTCCGGCTCGTATGTTGTGTGG,TCGAGTTAAGACTTTATGCTTCCGGCTCGTATAATGTGTGG,76.0,57.38,5,5,29,29,-1
WTDL30,5DL30,CAGGCCTCAGACTTTATGCTTCCGGCTCGTATGTTGTGTGG,TCGAGCTCAGACTTTATGCTTCCGGCTCGTATAATGTGTGG,76.0,64.35,5,5,29,29,-1
WTDL30,5DR1,CAGGCCTCAGACTTTATGCTTCCGGCTCGTATGTTGTGTGG,TCGAGTTTACACTTTATGCTTCCGGCTCGTATAATGGGTGG,76.0,42.7,5,5,29,29,-1
WTDL30,5DR1v2,CAGGCCTCAGACTTTATGCTTCCGGCTCGTATGTTGTGTGG,TCGAGTTTACACTTTATGCTTCCGGCTCGTATAATGGGAGG,76.0,42.85,5,5,29,29,-1
WTDL30,5DR5,CAGGCCTCAGACTTTATGCTTCCGGCTCGTATGTTGTGTGG,TCGAGTTTACACTTTATGCTTCCGGCTCGAATAATGTGTGG,76.0,46.74,5,5,29,29,-1
WTDL30,5DR10,CAGGCCTCAGACTTTATGCTTCCGGCTCGTATGTTGTGTGG,TCGAGTTTACACTTTATGCTTCCGGCTCGGATAATGTGTGG,76.0,51.76,5,5,29,29,-1
WTDL30,5DR20,CAGGCCTCAGACTTTATGCTTCCGGCTCGTATGTTGTGTGG,TCGAGTTTACACTTTATGCTTCCGGCTCGGATAACGTGTGG,76.0,62.58,5,5,29,29,-1
WTDL30,5DR30,CAGGCCTCAGACTTTATGCTTCCGGCTCGTATGTTGTGTGG,TCGAGTTTACACTTTATGCTTCCGGCTCGGTTAAAGTGTGG,76.0,69.81,5,5,29,29,-1
WTDR30,5DL1,CAGGCTTTACACTTTATGCTTCCGGCTCGGTTGTAGTGTGG,TCGCGTTTACACTTTATGCTTCCGGCTCGTATAATGTGTGG,81.46,42.74,5,5,29,29,-1
WTDR30,5DL5,CAGGCTTTACACTTTATGCTTCCGGCTCGGTTGTAGTGTGG,TCGTGTTTACCCTTTATGCTTCCGGCTCGTATAATGTGTGG,81.46,49.57,5,5,29,29,-1
WTDR30,5DL10,CAGGCTTTACACTTTATGCTTCCGGCTCGGTTGTAGTGTGG,TCGAGATTACACTTTATGCTTCCGGCTCGTATAATGTGTGG,81.46,46.18,5,5,29,29,-1
WTDR30,5DL20,CAGGCTTTACACTTTATGCTTCCGGCTCGGTTGTAGTGTGG,TCGAGTTAAGACTTTATGCTTCCGGCTCGTATAATGTGTGG,81.46,57.38,5,5,29,29,-1
WTDR30,5DL30,CAGGCTTTACACTTTATGCTTCCGGCTCGGTTGTAGTGTGG,TCGAGCTCAGACTTTATGCTTCCGGCTCGTATAATGTGTGG,81.46,64.35,5,5,29,29,-1
WTDR30,5DR1,CAGGCTTTACACTTTATGCTTCCGGCTCGGTTGTAGTGTGG,TCGAGTTTACACTTTATGCTTCCGGCTCGTATAATGGGTGG,81.46,42.7,5,5,29,29,-1
WTDR30,5DR1v2,CAGGCTTTACACTTTATGCTTCCGGCTCGGTTGTAGTGTGG,TCGAGTTTACACTTTATGCTTCCGGCTCGTATAATGGGAGG,81.46,42.85,5,5,29,29,-1
WTDR30,5DR5,CAGGCTTTACACTTTATGCTTCCGGCTCGGTTGTAGTGTGG,TCGAGTTTACACTTTATGCTTCCGGCTCGAATAATGTGTGG,81.46,46.74,5,5,29,29,-1
WTDR30,5DR10,CAGGCTTTACACTTTATGCTTCCGGCTCGGTTGTAGTGTGG,TCGAGTTTACACTTTATGCTTCCGGCTCGGATAATGTGTGG,81.46,51.76,5,5,29,29,-1
WTDR30,5DR20,CAGGCTTTACACTTTATGCTTCCGGCTCGGTTGTAGTGTGG,TCGAGTTTACACTTTATGCTTCCGGCTCGGATAACGTGTGG,81.46,62.58,5,5,29,29,-1
WTDR30,5DR30,CAGGCTTTACACTTTATGCTTCCGGCTCGGTTGTAGTGTGG,TCGAGTTTACACTTTATGCTTCCGGCTCGGTTAAAGTGTGG,81.46,69.81,5,5,29,29,-1
5DL1,5DL5,TCGCGTTTACACTTTATGCTTCCGGCTCGTATAATGTGTGG,TCGTGTTTACCCTTTATGCTTCCGGCTCGTATAATGTGTGG,42.74,49.57,5,5,29,29,1
5DL1,5DL10,TCGCGTTTACACTTTATGCTTCCGGCTCGTATAATGTGTGG,TCGAGATTACACTTTATGCTTCCGGCTCGTATAATGTGTGG,42.74,46.18,5,5,29,29,1
5DL1,5DL20,TCGCGTTTACACTTTATGCTTCCGGCTCGTATAATGTGTGG,TCGAGTTAAGACTTTATGCTTCCGGCTCGTATAATGTGTGG,42.74,57.38,5,5,29,29,1
5DL1,5DL30,TCGCGTTTACACTTTATGCTTCCGGCTCGTATAATGTGTGG,TCGAGCTCAGACTTTATGCTTCCGGCTCGTATAATGTGTGG,42.74,64.35,5,5,29,29,1
5DL1,5DR1,TCGCGTTTACACTTTATGCTTCCGGCTCGTATAATGTGTGG,TCGAGTTTACACTTTATGCTTCCGGCTCGTATAATGGGTGG,42.74,42.7,5,5,29,29,-1
5DL1,5DR1v2,TCGCGTTTACACTTTATGCTTCCGGCTCGTATAATGTGTGG,TCGAGTTTACACTTTATGCTTCCGGCTCGTATAATGGGAGG,42.74,42.85,5,5,29,29,1
5DL1,5DR5,TCGCGTTTACACTTTATGCTTCCGGCTCGTATAATGTGTGG,TCGAGTTTACACTTTATGCTTCCGGCTCGAATAATGTGTGG,42.74,46.74,5,5,29,29,1
5DL1,5DR10,TCGCGTTTACACTTTATGCTTCCGGCTCGTATAATGTGTGG,TCGAGTTTACACTTTATGCTTCCGGCTCGGATAATGTGTGG,42.74,51.76,5,5,29,29,1
5DL1,5DR20,TCGCGTTTACACTTTATGCTTCCGGCTCGTATAATGTGTGG,TCGAGTTTACACTTTATGCTTCCGGCTCGGATAACGTGTGG,42.74,62.58,5,5,29,29,1
5DL1,5DR30,TCGCGTTTACACTTTATGCTTCCGGCTCGTATAATGTGTGG,TCGAGTTTACACTTTATGCTTCCGGCTCGGTTAAAGTGTGG,42.74,69.81,5,5,29,29,1
5DL5,5DL10,TCGTGTTTACCCTTTATGCTTCCGGCTCGTATAATGTGTGG,TCGAGATTACACTTTATGCTTCCGGCTCGTATAATGTGTGG,49.57,46.18,5,5,29,29,-1
5DL5,5DL20,TCGTGTTTACCCTTTATGCTTCCGGCTCGTATAATGTGTGG,TCGAGTTAAGACTTTATGCTTCCGGCTCGTATAATGTGTGG,49.57,57.38,5,5,29,29,1
5DL5,5DL30,TCGTGTTTACCCTTTATGCTTCCGGCTCGTATAATGTGTGG,TCGAGCTCAGACTTTATGCTTCCGGCTCGTATAATGTGTGG,49.57,64.35,5,5,29,29,1
5DL5,5DR1,TCGTGTTTACCCTTTATGCTTCCGGCTCGTATAATGTGTGG,TCGAGTTTACACTTTATGCTTCCGGCTCGTATAATGGGTGG,49.57,42.7,5,5,29,29,-1
5DL5,5DR1v2,TCGTGTTTACCCTTTATGCTTCCGGCTCGTATAATGTGTGG,TCGAGTTTACACTTTATGCTTCCGGCTCGTATAATGGGAGG,49.57,42.85,5,5,29,29,-1
5DL5,5DR5,TCGTGTTTACCCTTTATGCTTCCGGCTCGTATAATGTGTGG,TCGAGTTTACACTTTATGCTTCCGGCTCGAATAATGTGTGG,49.57,46.74,5,5,29,29,-1
5DL5,5DR10,TCGTGTTTACCCTTTATGCTTCCGGCTCGTATAATGTGTGG,TCGAGTTTACACTTTATGCTTCCGGCTCGGATAATGTGTGG,49.57,51.76,5,5,29,29,1
5DL5,5DR20,TCGTGTTTACCCTTTATGCTTCCGGCTCGTATAATGTGTGG,TCGAGTTTACACTTTATGCTTCCGGCTCGGATAACGTGTGG,49.57,62.58,5,5,29,29,1
5DL5,5DR30,TCGTGTTTACCCTTTATGCTTCCGGCTCGTATAATGTGTGG,TCGAGTTTACACTTTATGCTTCCGGCTCGGTTAAAGTGTGG,49.57,69.81,5,5,29,29,1
5DL10,5DL20,TCGAGATTACACTTTATGCTTCCGGCTCGTATAATGTGTGG,TCGAGTTAAGACTTTATGCTTCCGGCTCGTATAATGTGTGG,46.18,57.38,5,5,29,29,1
5DL10,5DL30,TCGAGATTACACTTTATGCTTCCGGCTCGTATAATGTGTGG,TCGAGCTCAGACTTTATGCTTCCGGCTCGTATAATGTGTGG,46.18,64.35,5,5,29,29,1
5DL10,5DR1,TCGAGATTACACTTTATGCTTCCGGCTCGTATAATGTGTGG,TCGAGTTTACACTTTATGCTTCCGGCTCGTATAATGGGTGG,46.18,42.7,5,5,29,29,-1
5DL10,5DR1v2,TCGAGATTACACTTTATGCTTCCGGCTCGTATAATGTGTGG,TCGAGTTTACACTTTATGCTTCCGGCTCGTATAATGGGAGG,46.18,42.85,5,5,29,29,-1
5DL10,5DR5,TCGAGATTACACTTTATGCTTCCGGCTCGTATAATGTGTGG,TCGAGTTTACACTTTATGCTTCCGGCTCGAATAATGTGTGG,46.18,46.74,5,5,29,29,1
5DL10,5DR10,TCGAGATTACACTTTATGCTTCCGGCTCGTATAATGTGTGG,TCGAGTTTACACTTTATGCTTCCGGCTCGGATAATGTGTGG,46.18,51.76,5,5,29,29,1
5DL10,5DR20,TCGAGATTACACTTTATGCTTCCGGCTCGTATAATGTGTGG,TCGAGTTTACACTTTATGCTTCCGGCTCGGATAACGTGTGG,46.18,62.58,5,5,29,29,1
5DL10,5DR30,TCGAGATTACACTTTATGCTTCCGGCTCGTATAATGTGTGG,TCGAGTTTACACTTTATGCTTCCGGCTCGGTTAAAGTGTGG,46.18,69.81,5,5,29,29,1
5DL20,5DL30,TCGAGTTAAGACTTTATGCTTCCGGCTCGTATAATGTGTGG,TCGAGCTCAGACTTTATGCTTCCGGCTCGTATAATGTGTGG,57.38,64.35,5,5,29,29,1
5DL20,5DR1,TCGAGTTAAGACTTTATGCTTCCGGCTCGTATAATGTGTGG,TCGAGTTTACACTTTATGCTTCCGGCTCGTATAATGGGTGG,57.38,42.7,5,5,29,29,-1
5DL20,5DR1v2,TCGAGTTAAGACTTTATGCTTCCGGCTCGTATAATGTGTGG,TCGAGTTTACACTTTATGCTTCCGGCTCGTATAATGGGAGG,57.38,42.85,5,5,29,29,-1
5DL20,5DR5,TCGAGTTAAGACTTTATGCTTCCGGCTCGTATAATGTGTGG,TCGAGTTTACACTTTATGCTTCCGGCTCGAATAATGTGTGG,57.38,46.74,5,5,29,29,-1
5DL20,5DR10,TCGAGTTAAGACTTTATGCTTCCGGCTCGTATAATGTGTGG,TCGAGTTTACACTTTATGCTTCCGGCTCGGATAATGTGTGG,57.38,51.76,5,5,29,29,-1
5DL20,5DR20,TCGAGTTAAGACTTTATGCTTCCGGCTCGTATAATGTGTGG,TCGAGTTTACACTTTATGCTTCCGGCTCGGATAACGTGTGG,57.38,62.58,5,5,29,29,1
5DL20,5DR30,TCGAGTTAAGACTTTATGCTTCCGGCTCGTATAATGTGTGG,TCGAGTTTACACTTTATGCTTCCGGCTCGGTTAAAGTGTGG,57.38,69.81,5,5,29,29,1
5DL30,5DR1,TCGAGCTCAGACTTTATGCTTCCGGCTCGTATAATGTGTGG,TCGAGTTTACACTTTATGCTTCCGGCTCGTATAATGGGTGG,64.35,42.7,5,5,29,29,-1
5DL30,5DR1v2,TCGAGCTCAGACTTTATGCTTCCGGCTCGTATAATGTGTGG,TCGAGTTTACACTTTATGCTTCCGGCTCGTATAATGGGAGG,64.35,42.85,5,5,29,29,-1
5DL30,5DR5,TCGAGCTCAGACTTTATGCTTCCGGCTCGTATAATGTGTGG,TCGAGTTTACACTTTATGCTTCCGGCTCGAATAATGTGTGG,64.35,46.74,5,5,29,29,-1
5DL30,5DR10,TCGAGCTCAGACTTTATGCTTCCGGCTCGTATAATGTGTGG,TCGAGTTTACACTTTATGCTTCCGGCTCGGATAATGTGTGG,64.35,51.76,5,5,29,29,-1
5DL30,5DR20,TCGAGCTCAGACTTTATGCTTCCGGCTCGTATAATGTGTGG,TCGAGTTTACACTTTATGCTTCCGGCTCGGATAACGTGTGG,64.35,62.58,5,5,29,29,-1
5DL30,5DR30,TCGAGCTCAGACTTTATGCTTCCGGCTCGTATAATGTGTGG,TCGAGTTTACACTTTATGCTTCCGGCTCGGTTAAAGTGTGG,64.35,69.81,5,5,29,29,1
5DR1,5DR1v2,TCGAGTTTACACTTTATGCTTCCGGCTCGTATAATGGGTGG,TCGAGTTTACACTTTATGCTTCCGGCTCGTATAATGGGAGG,42.7,42.85,5,5,29,29,1
5DR1,5DR5,TCGAGTTTACACTTTATGCTTCCGGCTCGTATAATGGGTGG,TCGAGTTTACACTTTATGCTTCCGGCTCGAATAATGTGTGG,42.7,46.74,5,5,29,29,1
5DR1,5DR10,TCGAGTTTACACTTTATGCTTCCGGCTCGTATAATGGGTGG,TCGAGTTTACACTTTATGCTTCCGGCTCGGATAATGTGTGG,42.7,51.76,5,5,29,29,1
5DR1,5DR20,TCGAGTTTACACTTTATGCTTCCGGCTCGTATAATGGGTGG,TCGAGTTTACACTTTATGCTTCCGGCTCGGATAACGTGTGG,42.7,62.58,5,5,29,29,1
5DR1,5DR30,TCGAGTTTACACTTTATGCTTCCGGCTCGTATAATGGGTGG,TCGAGTTTACACTTTATGCTTCCGGCTCGGTTAAAGTGTGG,42.7,69.81,5,5,29,29,1
5DR1v2,5DR5,TCGAGTTTACACTTTATGCTTCCGGCTCGTATAATGGGAGG,TCGAGTTTACACTTTATGCTTCCGGCTCGAATAATGTGTGG,42.85,46.74,5,5,29,29,1
5DR1v2,5DR10,TCGAGTTTACACTTTATGCTTCCGGCTCGTATAATGGGAGG,TCGAGTTTACACTTTATGCTTCCGGCTCGGATAATGTGTGG,42.85,51.76,5,5,29,29,1
5DR1v2,5DR20,TCGAGTTTACACTTTATGCTTCCGGCTCGTATAATGGGAGG,TCGAGTTTACACTTTATGCTTCCGGCTCGGATAACGTGTGG,42.85,62.58,5,5,29,29,1
5DR1v2,5DR30,TCGAGTTTACACTTTATGCTTCCGGCTCGTATAATGGGAGG,TCGAGTTTACACTTTATGCTTCCGGCTCGGTTAAAGTGTGG,42.85,69.81,5,5,29,29,1
5DR5,5DR10,TCGAGTTTACACTTTATGCTTCCGGCTCGAATAATGTGTGG,TCGAGTTTACACTTTATGCTTCCGGCTCGGATAATGTGTGG,46.74,51.76,5,5,29,29,1
5DR5,5DR20,TCGAGTTTACACTTTATGCTTCCGGCTCGAATAATGTGTGG,TCGAGTTTACACTTTATGCTTCCGGCTCGGATAACGTGTGG,46.74,62.58,5,5,29,29,1
5DR5,5DR30,TCGAGTTTACACTTTATGCTTCCGGCTCGAATAATGTGTGG,TCGAGTTTACACTTTATGCTTCCGGCTCGGTTAAAGTGTGG,46.74,69.81,5,5,29,29,1
5DR10,5DR20,TCGAGTTTACACTTTATGCTTCCGGCTCGGATAATGTGTGG,TCGAGTTTACACTTTATGCTTCCGGCTCGGATAACGTGTGG,51.76,62.58,5,5,29,29,1
5DR10,5DR30,TCGAGTTTACACTTTATGCTTCCGGCTCGGATAATGTGTGG,TCGAGTTTACACTTTATGCTTCCGGCTCGGTTAAAGTGTGG,51.76,69.81,5,5,29,29,1
5DR20,5DR30,TCGAGTTTACACTTTATGCTTCCGGCTCGGATAACGTGTGG,TCGAGTTTACACTTTATGCTTCCGGCTCGGTTAAAGTGTGG,62.58,69.81,5,5,29,29,1
