ID_1,ID_2,sequence_1,sequence_2,score_1,score_2,rank,35boxstart_1,35boxstart_2,10boxstart_1,10boxstart_2
BBa_J23100,BBa_J23101,ttgacggctagctcagtcctaggtacagtgctagc,tttacagctagctcagtcctaggtattatgctagc,1.0,0.7,1,0,0,23,23
BBa_J23100,BBa_J23102,ttgacggctagctcagtcctaggtacagtgctagc,ttgacagctagctcagtcctaggtactgtgctagc,1.0,0.86,1,0,0,23,23
BBa_J23100,BBa_J23103,ttgacggctagctcagtcctaggtacagtgctagc,ctgatagctagctcagtcctagggattatgctagc,1.0,0.01,1,0,0,23,23
BBa_J23100,BBa_J23104,ttgacggctagctcagtcctaggtacagtgctagc,ttgacagctagctcagtcctaggtattgtgctagc,1.0,0.72,1,0,0,23,23
BBa_J23100,BBa_J23105,ttgacggctagctcagtcctaggtacagtgctagc,tttacggctagctcagtcctaggtactatgctagc,1.0,0.24,1,0,0,23,23
BBa_J23100,BBa_J23106,ttgacggctagctcagtcctaggtacagtgctagc,tttacggctagctcagtcctaggtatagtgctagc,1.0,0.47,1,0,0,23,23
BBa_J23100,BBa_J23107,ttgacggctagctcagtcctaggtacagtgctagc,tttacggctagctcagccctaggtattatgctagc,1.0,0.36,1,0,0,23,23
BBa_J23100,BBa_J23108,ttgacggctagctcagtcctaggtacagtgctagc,ctgacagctagctcagtcctaggtataatgctagc,1.0,0.51,1,0,0,23,23
BBa_J23100,BBa_J23109,ttgacggctagctcagtcctaggtacagtgctagc,tttacagctagctcagtcctagggactgtgctagc,1.0,0.04,1,0,0,23,23
BBa_J23100,BBa_J23110,ttgacggctagctcagtcctaggtacagtgctagc,tttacggctagctcagtcctaggtacaatgctagc,1.0,0.33,1,0,0,23,23
BBa_J23100,BBa_J23111,ttgacggctagctcagtcctaggtacagtgctagc,ttgacggctagctcagtcctaggtatagtgctagc,1.0,0.58,1,0,0,23,23
BBa_J23100,BBa_J23112,ttgacggctagctcagtcctaggtacagtgctagc,ctgatagctagctcagtcctagggattatgctagc,1.0,0.0,1,0,0,23,23
BBa_J23100,BBa_J23113,ttgacggctagctcagtcctaggtacagtgctagc,ctgatggctagctcagtcctagggattatgctagc,1.0,0.01,1,0,0,23,23
BBa_J23100,BBa_J23114,ttgacggctagctcagtcctaggtacagtgctagc,tttatggctagctcagtcctaggtacaatgctagc,1.0,0.1,1,0,0,23,23
BBa_J23100,BBa_J23115,ttgacggctagctcagtcctaggtacagtgctagc,tttatagctagctcagcccttggtacaatgctagc,1.0,0.15,1,0,0,23,23
BBa_J23100,BBa_J23116,ttgacggctagctcagtcctaggtacagtgctagc,ttgacagctagctcagtcctagggactatgctagc,1.0,0.16,1,0,0,23,23
BBa_J23100,BBa_J23117,ttgacggctagctcagtcctaggtacagtgctagc,ttgacagctagctcagtcctagggattgtgctagc,1.0,0.06,1,0,0,23,23
BBa_J23100,BBa_J23118,ttgacggctagctcagtcctaggtacagtgctagc,ttgacggctagctcagtcctaggtattgtgctagc,1.0,0.56,1,0,0,23,23
BBa_J23101,BBa_J23102,tttacagctagctcagtcctaggtattatgctagc,ttgacagctagctcagtcctaggtactgtgctagc,0.7,0.86,-1,0,0,23,23
BBa_J23101,BBa_J23103,tttacagctagctcagtcctaggtattatgctagc,ctgatagctagctcagtcctagggattatgctagc,0.7,0.01,1,0,0,23,23
BBa_J23101,BBa_J23104,tttacagctagctcagtcctaggtattatgctagc,ttgacagctagctcagtcctaggtattgtgctagc,0.7,0.72,-1,0,0,23,23
BBa_J23101,BBa_J23105,tttacagctagctcagtcctaggtattatgctagc,tttacggctagctcagtcctaggtactatgctagc,0.7,0.24,1,0,0,23,23
BBa_J23101,BBa_J23106,tttacagctagctcagtcctaggtattatgctagc,tttacggctagctcagtcctaggtatagtgctagc,0.7,0.47,1,0,0,23,23
BBa_J23101,BBa_J23107,tttacagctagctcagtcctaggtattatgctagc,tttacggctagctcagccctaggtattatgctagc,0.7,0.36,1,0,0,23,23
BBa_J23101,BBa_J23108,tttacagctagctcagtcctaggtattatgctagc,ctgacagctagctcagtcctaggtataatgctagc,0.7,0.51,1,0,0,23,23
BBa_J23101,BBa_J23109,tttacagctagctcagtcctaggtattatgctagc,tttacagctagctcagtcctagggactgtgctagc,0.7,0.04,1,0,0,23,23
BBa_J23101,BBa_J23110,tttacagctagctcagtcctaggtattatgctagc,tttacggctagctcagtcctaggtacaatgctagc,0.7,0.33,1,0,0,23,23
BBa_J23101,BBa_J23111,tttacagctagctcagtcctaggtattatgctagc,ttgacggctagctcagtcctaggtatagtgctagc,0.7,0.58,1,0,0,23,23
BBa_J23101,BBa_J23112,tttacagctagctcagtcctaggtattatgctagc,ctgatagctagctcagtcctagggattatgctagc,0.7,0.0,1,0,0,23,23
BBa_J23101,BBa_J23113,tttacagctagctcagtcctaggtattatgctagc,ctgatggctagctcagtcctagggattatgctagc,0.7,0.01,1,0,0,23,23
BBa_J23101,BBa_J23114,tttacagctagctcagtcctaggtattatgctagc,tttatggctagctcagtcctaggtacaatgctagc,0.7,0.1,1,0,0,23,23
BBa_J23101,BBa_J23115,tttacagctagctcagtcctaggtattatgctagc,tttatagctagctcagcccttggtacaatgctagc,0.7,0.15,1,0,0,23,23
BBa_J23101,BBa_J23116,tttacagctagctcagtcctaggtattatgctagc,ttgacagctagctcagtcctagggactatgctagc,0.7,0.16,1,0,0,23,23
BBa_J23101,BBa_J23117,tttacagctagctcagtcctaggtattatgctagc,ttgacagctagctcagtcctagggattgtgctagc,0.7,0.06,1,0,0,23,23
BBa_J23101,BBa_J23118,tttacagctagctcagtcctaggtattatgctagc,ttgacggctagctcagtcctaggtattgtgctagc,0.7,0.56,1,0,0,23,23
BBa_J23102,BBa_J23103,ttgacagctagctcagtcctaggtactgtgctagc,ctgatagctagctcagtcctagggattatgctagc,0.86,0.01,1,0,0,23,23
BBa_J23102,BBa_J23104,ttgacagctagctcagtcctaggtactgtgctagc,ttgacagctagctcagtcctaggtattgtgctagc,0.86,0.72,1,0,0,23,23
BBa_J23102,BBa_J23105,ttgacagctagctcagtcctaggtactgtgctagc,tttacggctagctcagtcctaggtactatgctagc,0.86,0.24,1,0,0,23,23
BBa_J23102,BBa_J23106,ttgacagctagctcagtcctaggtactgtgctagc,tttacggctagctcagtcctaggtatagtgctagc,0.86,0.47,1,0,0,23,23
BBa_J23102,BBa_J23107,ttgacagctagctcagtcctaggtactgtgctagc,tttacggctagctcagccctaggtattatgctagc,0.86,0.36,1,0,0,23,23
BBa_J23102,BBa_J23108,ttgacagctagctcagtcctaggtactgtgctagc,ctgacagctagctcagtcctaggtataatgctagc,0.86,0.51,1,0,0,23,23
BBa_J23102,BBa_J23109,ttgacagctagctcagtcctaggtactgtgctagc,tttacagctagctcagtcctagggactgtgctagc,0.86,0.04,1,0,0,23,23
BBa_J23102,BBa_J23110,ttgacagctagctcagtcctaggtactgtgctagc,tttacggctagctcagtcctaggtacaatgctagc,0.86,0.33,1,0,0,23,23
BBa_J23102,BBa_J23111,ttgacagctagctcagtcctaggtactgtgctagc,ttgacggctagctcagtcctaggtatagtgctagc,0.86,0.58,1,0,0,23,23
BBa_J23102,BBa_J23112,ttgacagctagctcagtcctaggtactgtgctagc,ctgatagctagctcagtcctagggattatgctagc,0.86,0.0,1,0,0,23,23
BBa_J23102,BBa_J23113,ttgacagctagctcagtcctaggtactgtgctagc,ctgatggctagctcagtcctagggattatgctagc,0.86,0.01,1,0,0,23,23
BBa_J23102,BBa_J23114,ttgacagctagctcagtcctaggtactgtgctagc,tttatggctagctcagtcctaggtacaatgctagc,0.86,0.1,1,0,0,23,23
BBa_J23102,BBa_J23115,ttgacagctagctcagtcctaggtactgtgctagc,tttatagctagctcagcccttggtacaatgctagc,0.86,0.15,1,0,0,23,23
BBa_J23102,BBa_J23116,ttgacagctagctcagtcctaggtactgtgctagc,ttgacagctagctcagtcctagggactatgctagc,0.86,0.16,1,0,0,23,23
BBa_J23102,BBa_J23117,ttgacagctagctcagtcctaggtactgtgctagc,ttgacagctagctcagtcctagggattgtgctagc,0.86,0.06,1,0,0,23,23
BBa_J23102,BBa_J23118,ttgacagctagctcagtcctaggtactgtgctagc,ttgacggctagctcagtcctaggtattgtgctagc,0.86,0.56,1,0,0,23,23
BBa_J23103,BBa_J23104,ctgatagctagctcagtcctagggattatgctagc,ttgacagctagctcagtcctaggtattgtgctagc,0.01,0.72,-1,0,0,23,23
BBa_J23103,BBa_J23105,ctgatagctagctcagtcctagggattatgctagc,tttacggctagctcagtcctaggtactatgctagc,0.01,0.24,-1,0,0,23,23
BBa_J23103,BBa_J23106,ctgatagctagctcagtcctagggattatgctagc,tttacggctagctcagtcctaggtatagtgctagc,0.01,0.47,-1,0,0,23,23
BBa_J23103,BBa_J23107,ctgatagctagctcagtcctagggattatgctagc,tttacggctagctcagccctaggtattatgctagc,0.01,0.36,-1,0,0,23,23
BBa_J23103,BBa_J23108,ctgatagctagctcagtcctagggattatgctagc,ctgacagctagctcagtcctaggtataatgctagc,0.01,0.51,-1,0,0,23,23
BBa_J23103,BBa_J23109,ctgatagctagctcagtcctagggattatgctagc,tttacagctagctcagtcctagggactgtgctagc,0.01,0.04,-1,0,0,23,23
BBa_J23103,BBa_J23110,ctgatagctagctcagtcctagggattatgctagc,tttacggctagctcagtcctaggtacaatgctagc,0.01,0.33,-1,0,0,23,23
BBa_J23103,BBa_J23111,ctgatagctagctcagtcctagggattatgctagc,ttgacggctagctcagtcctaggtatagtgctagc,0.01,0.58,-1,0,0,23,23
BBa_J23103,BBa_J23112,ctgatagctagctcagtcctagggattatgctagc,ctgatagctagctcagtcctagggattatgctagc,0.01,0.0,1,0,0,23,23
BBa_J23103,BBa_J23113,ctgatagctagctcagtcctagggattatgctagc,ctgatggctagctcagtcctagggattatgctagc,0.01,0.01,-1,0,0,23,23
BBa_J23103,BBa_J23114,ctgatagctagctcagtcctagggattatgctagc,tttatggctagctcagtcctaggtacaatgctagc,0.01,0.1,-1,0,0,23,23
BBa_J23103,BBa_J23115,ctgatagctagctcagtcctagggattatgctagc,tttatagctagctcagcccttggtacaatgctagc,0.01,0.15,-1,0,0,23,23
BBa_J23103,BBa_J23116,ctgatagctagctcagtcctagggattatgctagc,ttgacagctagctcagtcctagggactatgctagc,0.01,0.16,-1,0,0,23,23
BBa_J23103,BBa_J23117,ctgatagctagctcagtcctagggattatgctagc,ttgacagctagctcagtcctagggattgtgctagc,0.01,0.06,-1,0,0,23,23
BBa_J23103,BBa_J23118,ctgatagctagctcagtcctagggattatgctagc,ttgacggctagctcagtcctaggtattgtgctagc,0.01,0.56,-1,0,0,23,23
BBa_J23104,BBa_J23105,ttgacagctagctcagtcctaggtattgtgctagc,tttacggctagctcagtcctaggtactatgctagc,0.72,0.24,1,0,0,23,23
BBa_J23104,BBa_J23106,ttgacagctagctcagtcctaggtattgtgctagc,tttacggctagctcagtcctaggtatagtgctagc,0.72,0.47,1,0,0,23,23
BBa_J23104,BBa_J23107,ttgacagctagctcagtcctaggtattgtgctagc,tttacggctagctcagccctaggtattatgctagc,0.72,0.36,1,0,0,23,23
BBa_J23104,BBa_J23108,ttgacagctagctcagtcctaggtattgtgctagc,ctgacagctagctcagtcctaggtataatgctagc,0.72,0.51,1,0,0,23,23
BBa_J23104,BBa_J23109,ttgacagctagctcagtcctaggtattgtgctagc,tttacagctagctcagtcctagggactgtgctagc,0.72,0.04,1,0,0,23,23
BBa_J23104,BBa_J23110,ttgacagctagctcagtcctaggtattgtgctagc,tttacggctagctcagtcctaggtacaatgctagc,0.72,0.33,1,0,0,23,23
BBa_J23104,BBa_J23111,ttgacagctagctcagtcctaggtattgtgctagc,ttgacggctagctcagtcctaggtatagtgctagc,0.72,0.58,1,0,0,23,23
BBa_J23104,BBa_J23112,ttgacagctagctcagtcctaggtattgtgctagc,ctgatagctagctcagtcctagggattatgctagc,0.72,0.0,1,0,0,23,23
BBa_J23104,BBa_J23113,ttgacagctagctcagtcctaggtattgtgctagc,ctgatggctagctcagtcctagggattatgctagc,0.72,0.01,1,0,0,23,23
BBa_J23104,BBa_J23114,ttgacagctagctcagtcctaggtattgtgctagc,tttatggctagctcagtcctaggtacaatgctagc,0.72,0.1,1,0,0,23,23
BBa_J23104,BBa_J23115,ttgacagctagctcagtcctaggtattgtgctagc,tttatagctagctcagcccttggtacaatgctagc,0.72,0.15,1,0,0,23,23
BBa_J23104,BBa_J23116,ttgacagctagctcagtcctaggtattgtgctagc,ttgacagctagctcagtcctagggactatgctagc,0.72,0.16,1,0,0,23,23
BBa_J23104,BBa_J23117,ttgacagctagctcagtcctaggtattgtgctagc,ttgacagctagctcagtcctagggattgtgctagc,0.72,0.06,1,0,0,23,23
BBa_J23104,BBa_J23118,ttgacagctagctcagtcctaggtattgtgctagc,ttgacggctagctcagtcctaggtattgtgctagc,0.72,0.56,1,0,0,23,23
BBa_J23105,BBa_J23106,tttacggctagctcagtcctaggtactatgctagc,tttacggctagctcagtcctaggtatagtgctagc,0.24,0.47,-1,0,0,23,23
BBa_J23105,BBa_J23107,tttacggctagctcagtcctaggtactatgctagc,tttacggctagctcagccctaggtattatgctagc,0.24,0.36,-1,0,0,23,23
BBa_J23105,BBa_J23108,tttacggctagctcagtcctaggtactatgctagc,ctgacagctagctcagtcctaggtataatgctagc,0.24,0.51,-1,0,0,23,23
BBa_J23105,BBa_J23109,tttacggctagctcagtcctaggtactatgctagc,tttacagctagctcagtcctagggactgtgctagc,0.24,0.04,1,0,0,23,23
BBa_J23105,BBa_J23110,tttacggctagctcagtcctaggtactatgctagc,tttacggctagctcagtcctaggtacaatgctagc,0.24,0.33,-1,0,0,23,23
BBa_J23105,BBa_J23111,tttacggctagctcagtcctaggtactatgctagc,ttgacggctagctcagtcctaggtatagtgctagc,0.24,0.58,-1,0,0,23,23
BBa_J23105,BBa_J23112,tttacggctagctcagtcctaggtactatgctagc,ctgatagctagctcagtcctagggattatgctagc,0.24,0.0,1,0,0,23,23
BBa_J23105,BBa_J23113,tttacggctagctcagtcctaggtactatgctagc,ctgatggctagctcagtcctagggattatgctagc,0.24,0.01,1,0,0,23,23
BBa_J23105,BBa_J23114,tttacggctagctcagtcctaggtactatgctagc,tttatggctagctcagtcctaggtacaatgctagc,0.24,0.1,1,0,0,23,23
BBa_J23105,BBa_J23115,tttacggctagctcagtcctaggtactatgctagc,tttatagctagctcagcccttggtacaatgctagc,0.24,0.15,1,0,0,23,23
BBa_J23105,BBa_J23116,tttacggctagctcagtcctaggtactatgctagc,ttgacagctagctcagtcctagggactatgctagc,0.24,0.16,1,0,0,23,23
BBa_J23105,BBa_J23117,tttacggctagctcagtcctaggtactatgctagc,ttgacagctagctcagtcctagggattgtgctagc,0.24,0.06,1,0,0,23,23
BBa_J23105,BBa_J23118,tttacggctagctcagtcctaggtactatgctagc,ttgacggctagctcagtcctaggtattgtgctagc,0.24,0.56,-1,0,0,23,23
BBa_J23106,BBa_J23107,tttacggctagctcagtcctaggtatagtgctagc,tttacggctagctcagccctaggtattatgctagc,0.47,0.36,1,0,0,23,23
BBa_J23106,BBa_J23108,tttacggctagctcagtcctaggtatagtgctagc,ctgacagctagctcagtcctaggtataatgctagc,0.47,0.51,-1,0,0,23,23
BBa_J23106,BBa_J23109,tttacggctagctcagtcctaggtatagtgctagc,tttacagctagctcagtcctagggactgtgctagc,0.47,0.04,1,0,0,23,23
BBa_J23106,BBa_J23110,tttacggctagctcagtcctaggtatagtgctagc,tttacggctagctcagtcctaggtacaatgctagc,0.47,0.33,1,0,0,23,23
BBa_J23106,BBa_J23111,tttacggctagctcagtcctaggtatagtgctagc,ttgacggctagctcagtcctaggtatagtgctagc,0.47,0.58,-1,0,0,23,23
BBa_J23106,BBa_J23112,tttacggctagctcagtcctaggtatagtgctagc,ctgatagctagctcagtcctagggattatgctagc,0.47,0.0,1,0,0,23,23
BBa_J23106,BBa_J23113,tttacggctagctcagtcctaggtatagtgctagc,ctgatggctagctcagtcctagggattatgctagc,0.47,0.01,1,0,0,23,23
BBa_J23106,BBa_J23114,tttacggctagctcagtcctaggtatagtgctagc,tttatggctagctcagtcctaggtacaatgctagc,0.47,0.1,1,0,0,23,23
BBa_J23106,BBa_J23115,tttacggctagctcagtcctaggtatagtgctagc,tttatagctagctcagcccttggtacaatgctagc,0.47,0.15,1,0,0,23,23
BBa_J23106,BBa_J23116,tttacggctagctcagtcctaggtatagtgctagc,ttgacagctagctcagtcctagggactatgctagc,0.47,0.16,1,0,0,23,23
BBa_J23106,BBa_J23117,tttacggctagctcagtcctaggtatagtgctagc,ttgacagctagctcagtcctagggattgtgctagc,0.47,0.06,1,0,0,23,23
BBa_J23106,BBa_J23118,tttacggctagctcagtcctaggtatagtgctagc,ttgacggctagctcagtcctaggtattgtgctagc,0.47,0.56,-1,0,0,23,23
BBa_J23107,BBa_J23108,tttacggctagctcagccctaggtattatgctagc,ctgacagctagctcagtcctaggtataatgctagc,0.36,0.51,-1,0,0,23,23
BBa_J23107,BBa_J23109,tttacggctagctcagccctaggtattatgctagc,tttacagctagctcagtcctagggactgtgctagc,0.36,0.04,1,0,0,23,23
BBa_J23107,BBa_J23110,tttacggctagctcagccctaggtattatgctagc,tttacggctagctcagtcctaggtacaatgctagc,0.36,0.33,1,0,0,23,23
BBa_J23107,BBa_J23111,tttacggctagctcagccctaggtattatgctagc,ttgacggctagctcagtcctaggtatagtgctagc,0.36,0.58,-1,0,0,23,23
BBa_J23107,BBa_J23112,tttacggctagctcagccctaggtattatgctagc,ctgatagctagctcagtcctagggattatgctagc,0.36,0.0,1,0,0,23,23
BBa_J23107,BBa_J23113,tttacggctagctcagccctaggtattatgctagc,ctgatggctagctcagtcctagggattatgctagc,0.36,0.01,1,0,0,23,23
BBa_J23107,BBa_J23114,tttacggctagctcagccctaggtattatgctagc,tttatggctagctcagtcctaggtacaatgctagc,0.36,0.1,1,0,0,23,23
BBa_J23107,BBa_J23115,tttacggctagctcagccctaggtattatgctagc,tttatagctagctcagcccttggtacaatgctagc,0.36,0.15,1,0,0,23,23
BBa_J23107,BBa_J23116,tttacggctagctcagccctaggtattatgctagc,ttgacagctagctcagtcctagggactatgctagc,0.36,0.16,1,0,0,23,23
BBa_J23107,BBa_J23117,tttacggctagctcagccctaggtattatgctagc,ttgacagctagctcagtcctagggattgtgctagc,0.36,0.06,1,0,0,23,23
BBa_J23107,BBa_J23118,tttacggctagctcagccctaggtattatgctagc,ttgacggctagctcagtcctaggtattgtgctagc,0.36,0.56,-1,0,0,23,23
BBa_J23108,BBa_J23109,ctgacagctagctcagtcctaggtataatgctagc,tttacagctagctcagtcctagggactgtgctagc,0.51,0.04,1,0,0,23,23
BBa_J23108,BBa_J23110,ctgacagctagctcagtcctaggtataatgctagc,tttacggctagctcagtcctaggtacaatgctagc,0.51,0.33,1,0,0,23,23
BBa_J23108,BBa_J23111,ctgacagctagctcagtcctaggtataatgctagc,ttgacggctagctcagtcctaggtatagtgctagc,0.51,0.58,-1,0,0,23,23
BBa_J23108,BBa_J23112,ctgacagctagctcagtcctaggtataatgctagc,ctgatagctagctcagtcctagggattatgctagc,0.51,0.0,1,0,0,23,23
BBa_J23108,BBa_J23113,ctgacagctagctcagtcctaggtataatgctagc,ctgatggctagctcagtcctagggattatgctagc,0.51,0.01,1,0,0,23,23
BBa_J23108,BBa_J23114,ctgacagctagctcagtcctaggtataatgctagc,tttatggctagctcagtcctaggtacaatgctagc,0.51,0.1,1,0,0,23,23
BBa_J23108,BBa_J23115,ctgacagctagctcagtcctaggtataatgctagc,tttatagctagctcagcccttggtacaatgctagc,0.51,0.15,1,0,0,23,23
BBa_J23108,BBa_J23116,ctgacagctagctcagtcctaggtataatgctagc,ttgacagctagctcagtcctagggactatgctagc,0.51,0.16,1,0,0,23,23
BBa_J23108,BBa_J23117,ctgacagctagctcagtcctaggtataatgctagc,ttgacagctagctcagtcctagggattgtgctagc,0.51,0.06,1,0,0,23,23
BBa_J23108,BBa_J23118,ctgacagctagctcagtcctaggtataatgctagc,ttgacggctagctcagtcctaggtattgtgctagc,0.51,0.56,-1,0,0,23,23
BBa_J23109,BBa_J23110,tttacagctagctcagtcctagggactgtgctagc,tttacggctagctcagtcctaggtacaatgctagc,0.04,0.33,-1,0,0,23,23
BBa_J23109,BBa_J23111,tttacagctagctcagtcctagggactgtgctagc,ttgacggctagctcagtcctaggtatagtgctagc,0.04,0.58,-1,0,0,23,23
BBa_J23109,BBa_J23112,tttacagctagctcagtcctagggactgtgctagc,ctgatagctagctcagtcctagggattatgctagc,0.04,0.0,1,0,0,23,23
BBa_J23109,BBa_J23113,tttacagctagctcagtcctagggactgtgctagc,ctgatggctagctcagtcctagggattatgctagc,0.04,0.01,1,0,0,23,23
BBa_J23109,BBa_J23114,tttacagctagctcagtcctagggactgtgctagc,tttatggctagctcagtcctaggtacaatgctagc,0.04,0.1,-1,0,0,23,23
BBa_J23109,BBa_J23115,tttacagctagctcagtcctagggactgtgctagc,tttatagctagctcagcccttggtacaatgctagc,0.04,0.15,-1,0,0,23,23
BBa_J23109,BBa_J23116,tttacagctagctcagtcctagggactgtgctagc,ttgacagctagctcagtcctagggactatgctagc,0.04,0.16,-1,0,0,23,23
BBa_J23109,BBa_J23117,tttacagctagctcagtcctagggactgtgctagc,ttgacagctagctcagtcctagggattgtgctagc,0.04,0.06,-1,0,0,23,23
BBa_J23109,BBa_J23118,tttacagctagctcagtcctagggactgtgctagc,ttgacggctagctcagtcctaggtattgtgctagc,0.04,0.56,-1,0,0,23,23
BBa_J23110,BBa_J23111,tttacggctagctcagtcctaggtacaatgctagc,ttgacggctagctcagtcctaggtatagtgctagc,0.33,0.58,-1,0,0,23,23
BBa_J23110,BBa_J23112,tttacggctagctcagtcctaggtacaatgctagc,ctgatagctagctcagtcctagggattatgctagc,0.33,0.0,1,0,0,23,23
BBa_J23110,BBa_J23113,tttacggctagctcagtcctaggtacaatgctagc,ctgatggctagctcagtcctagggattatgctagc,0.33,0.01,1,0,0,23,23
BBa_J23110,BBa_J23114,tttacggctagctcagtcctaggtacaatgctagc,tttatggctagctcagtcctaggtacaatgctagc,0.33,0.1,1,0,0,23,23
BBa_J23110,BBa_J23115,tttacggctagctcagtcctaggtacaatgctagc,tttatagctagctcagcccttggtacaatgctagc,0.33,0.15,1,0,0,23,23
BBa_J23110,BBa_J23116,tttacggctagctcagtcctaggtacaatgctagc,ttgacagctagctcagtcctagggactatgctagc,0.33,0.16,1,0,0,23,23
BBa_J23110,BBa_J23117,tttacggctagctcagtcctaggtacaatgctagc,ttgacagctagctcagtcctagggattgtgctagc,0.33,0.06,1,0,0,23,23
BBa_J23110,BBa_J23118,tttacggctagctcagtcctaggtacaatgctagc,ttgacggctagctcagtcctaggtattgtgctagc,0.33,0.56,-1,0,0,23,23
BBa_J23111,BBa_J23112,ttgacggctagctcagtcctaggtatagtgctagc,ctgatagctagctcagtcctagggattatgctagc,0.58,0.0,1,0,0,23,23
BBa_J23111,BBa_J23113,ttgacggctagctcagtcctaggtatagtgctagc,ctgatggctagctcagtcctagggattatgctagc,0.58,0.01,1,0,0,23,23
BBa_J23111,BBa_J23114,ttgacggctagctcagtcctaggtatagtgctagc,tttatggctagctcagtcctaggtacaatgctagc,0.58,0.1,1,0,0,23,23
BBa_J23111,BBa_J23115,ttgacggctagctcagtcctaggtatagtgctagc,tttatagctagctcagcccttggtacaatgctagc,0.58,0.15,1,0,0,23,23
BBa_J23111,BBa_J23116,ttgacggctagctcagtcctaggtatagtgctagc,ttgacagctagctcagtcctagggactatgctagc,0.58,0.16,1,0,0,23,23
BBa_J23111,BBa_J23117,ttgacggctagctcagtcctaggtatagtgctagc,ttgacagctagctcagtcctagggattgtgctagc,0.58,0.06,1,0,0,23,23
BBa_J23111,BBa_J23118,ttgacggctagctcagtcctaggtatagtgctagc,ttgacggctagctcagtcctaggtattgtgctagc,0.58,0.56,1,0,0,23,23
BBa_J23112,BBa_J23113,ctgatagctagctcagtcctagggattatgctagc,ctgatggctagctcagtcctagggattatgctagc,0.0,0.01,-1,0,0,23,23
BBa_J23112,BBa_J23114,ctgatagctagctcagtcctagggattatgctagc,tttatggctagctcagtcctaggtacaatgctagc,0.0,0.1,-1,0,0,23,23
BBa_J23112,BBa_J23115,ctgatagctagctcagtcctagggattatgctagc,tttatagctagctcagcccttggtacaatgctagc,0.0,0.15,-1,0,0,23,23
BBa_J23112,BBa_J23116,ctgatagctagctcagtcctagggattatgctagc,ttgacagctagctcagtcctagggactatgctagc,0.0,0.16,-1,0,0,23,23
BBa_J23112,BBa_J23117,ctgatagctagctcagtcctagggattatgctagc,ttgacagctagctcagtcctagggattgtgctagc,0.0,0.06,-1,0,0,23,23
BBa_J23112,BBa_J23118,ctgatagctagctcagtcctagggattatgctagc,ttgacggctagctcagtcctaggtattgtgctagc,0.0,0.56,-1,0,0,23,23
BBa_J23113,BBa_J23114,ctgatggctagctcagtcctagggattatgctagc,tttatggctagctcagtcctaggtacaatgctagc,0.01,0.1,-1,0,0,23,23
BBa_J23113,BBa_J23115,ctgatggctagctcagtcctagggattatgctagc,tttatagctagctcagcccttggtacaatgctagc,0.01,0.15,-1,0,0,23,23
BBa_J23113,BBa_J23116,ctgatggctagctcagtcctagggattatgctagc,ttgacagctagctcagtcctagggactatgctagc,0.01,0.16,-1,0,0,23,23
BBa_J23113,BBa_J23117,ctgatggctagctcagtcctagggattatgctagc,ttgacagctagctcagtcctagggattgtgctagc,0.01,0.06,-1,0,0,23,23
BBa_J23113,BBa_J23118,ctgatggctagctcagtcctagggattatgctagc,ttgacggctagctcagtcctaggtattgtgctagc,0.01,0.56,-1,0,0,23,23
BBa_J23114,BBa_J23115,tttatggctagctcagtcctaggtacaatgctagc,tttatagctagctcagcccttggtacaatgctagc,0.1,0.15,-1,0,0,23,23
BBa_J23114,BBa_J23116,tttatggctagctcagtcctaggtacaatgctagc,ttgacagctagctcagtcctagggactatgctagc,0.1,0.16,-1,0,0,23,23
BBa_J23114,BBa_J23117,tttatggctagctcagtcctaggtacaatgctagc,ttgacagctagctcagtcctagggattgtgctagc,0.1,0.06,1,0,0,23,23
BBa_J23114,BBa_J23118,tttatggctagctcagtcctaggtacaatgctagc,ttgacggctagctcagtcctaggtattgtgctagc,0.1,0.56,-1,0,0,23,23
BBa_J23115,BBa_J23116,tttatagctagctcagcccttggtacaatgctagc,ttgacagctagctcagtcctagggactatgctagc,0.15,0.16,-1,0,0,23,23
BBa_J23115,BBa_J23117,tttatagctagctcagcccttggtacaatgctagc,ttgacagctagctcagtcctagggattgtgctagc,0.15,0.06,1,0,0,23,23
BBa_J23115,BBa_J23118,tttatagctagctcagcccttggtacaatgctagc,ttgacggctagctcagtcctaggtattgtgctagc,0.15,0.56,-1,0,0,23,23
BBa_J23116,BBa_J23117,ttgacagctagctcagtcctagggactatgctagc,ttgacagctagctcagtcctagggattgtgctagc,0.16,0.06,1,0,0,23,23
BBa_J23116,BBa_J23118,ttgacagctagctcagtcctagggactatgctagc,ttgacggctagctcagtcctaggtattgtgctagc,0.16,0.56,-1,0,0,23,23
BBa_J23117,BBa_J23118,ttgacagctagctcagtcctagggattgtgctagc,ttgacggctagctcagtcctaggtattgtgctagc,0.06,0.56,-1,0,0,23,23
