ID,sequence,mean_score,mean_score_sd,35boxstart,10boxstart
apFAB29,AAAAAGAGTATTGACTTAAAGTCTAACCTATAGGATACTTACAGCCAT,565.95,112.54,10,34
apFAB30,AAAAAGAGTATTGACTTAAAGTCTAACCTATAGGTATAATGTGTGGAT,731.46,48.45,10,34
apFAB31,AAAAAGAGTATTGACTTAAAGTCTAACCTATAGGTATAATAGATTCAT,781.83,75.26,10,34
apFAB32,AAAAAGAGTATTGACTTAAAGTCTAACCTATAGGCATAATTATTTCAT,645.52,66.33,10,34
apFAB33,AAAAAGAGTATTGACTTAAAGTCTAACCTATAGGTAGATTTAACGTAT,340.48,16.51,10,34
apFAB34,AAAAAGAGTATTGACTATTAATCATCCGGCTCGATACTTACAGCCAT,14.63,1.57,10,33
apFAB36,AAAAAGAGTATTGACTATTAATCATCCGGCTCGTATAATAGATTCAT,547.96,57.82,10,33
apFAB37,AAAAAGAGTATTGACTATTAATCATCCGGCTCGCATAATTATTTCAT,530.6,16.72,10,33
apFAB38,AAAAAGAGTATTGACTATTAATCATCCGGCTCGTAGATTTAACGTAT,239.88,2.91,10,33
apFAB39,AAAAAGAGTATTGACTTCAGGAAAATTTTTCTGATACTTACAGCCAT,594.38,18.15,10,33
apFAB40,AAAAAGAGTATTGACTTCAGGAAAATTTTTCTGTATAATGTGTGGAT,488.36,40.99,10,33
apFAB41,AAAAAGAGTATTGACTTCAGGAAAATTTTTCTGTATAATAGATTCAT,523.35,71.51,10,33
apFAB42,AAAAAGAGTATTGACTTCAGGAAAATTTTTCTGCATAATTATTTCAT,685.34,77.84,10,33
apFAB43,AAAAAGAGTATTGACTTCAGGAAAATTTTTCTGTAGATTTAACGTAT,1.09,0.32,10,33
apFAB44,AAAAAGAGTATTGACTTCGCATCTTTTTGTACCATACTTACAGCCAT,540.86,5.31,10,33
apFAB45,AAAAAGAGTATTGACTTCGCATCTTTTTGTACCTATAATGTGTGGAT,785.31,61.96,10,33
apFAB46,AAAAAGAGTATTGACTTCGCATCTTTTTGTACCTATAATAGATTCAT,897.64,68.26,10,33
apFAB47,AAAAAGAGTATTGACTTCGCATCTTTTTGTACCCATAATTATTTCAT,782.0,72.9,10,33
apFAB48,AAAAAGAGTATTGACTTCGCATCTTTTTGTACCTAGATTTAACGTAT,411.86,9.18,10,33
apFAB49,AAAAAGAGTATTGACTTTTATCCCTTGCGGCGAATACTTACAGCCAT,93.92,1.06,10,33
apFAB50,AAAAAGAGTATTGACTTTTATCCCTTGCGGCGATATAATGTGTGGAT,707.17,50.18,10,33
apFAB51,AAAAAGAGTATTGACTTTTATCCCTTGCGGCGATATAATAGATTCAT,103.19,18.76,10,33
apFAB52,AAAAAGAGTATTGACTTTTATCCCTTGCGGCGACATAATTATTTCAT,667.0,50.97,10,33
apFAB53,AAAAAGAGTATTGACTTTTATCCCTTGCGGCGATAGATTTAACGTAT,682.89,41.49,10,33
apFAB54,TTGACATAAAGTCTAACCTATAGGATACTTACAGCCAT,690.84,15.1,0,24
apFAB55,TTGACATAAAGTCTAACCTATAGGTATAATGTGTGGAT,768.98,33.71,0,24
apFAB56,TTGACATAAAGTCTAACCTATAGGTATAATAGATTCAT,743.48,24.05,0,24
apFAB57,TTGACATAAAGTCTAACCTATAGGCATAATTATTTCAT,637.49,38.4,0,24
apFAB58,TTGACATAAAGTCTAACCTATAGGTAGATTTAACGTAT,287.69,12.1,0,24
apFAB59,TTGACAATTAATCATCCGGCTCGATACTTACAGCCAT,58.5,5.22,0,23
apFAB60,TTGACAATTAATCATCCGGCTCGTATAATGTGTGGAT,700.31,41.77,0,23
apFAB61,TTGACAATTAATCATCCGGCTCGTATAATAGATTCAT,857.93,37.96,0,23
apFAB62,TTGACAATTAATCATCCGGCTCGCATAATTATTTCAT,687.95,61.22,0,23
apFAB63,TTGACAATTAATCATCCGGCTCGTAGATTTAACGTAT,518.5,11.06,0,23
apFAB64,TTGACATCAGGAAAATTTTTCTGATACTTACAGCCAT,508.12,36.69,0,23
apFAB65,TTGACATCAGGAAAATTTTTCTGTATAATGTGTGGAT,670.07,92.42,0,23
apFAB66,TTGACATCAGGAAAATTTTTCTGTATAATAGATTCAT,439.28,20.13,0,23
apFAB67,TTGACATCAGGAAAATTTTTCTGCATAATTATTTCAT,649.99,85.44,0,23
apFAB68,TTGACATCAGGAAAATTTTTCTGTAGATTTAACGTAT,766.3,28.81,0,23
apFAB69,TTGACATCGCATCTTTTTGTACCATACTTACAGCCAT,474.51,32.48,0,23
apFAB70,TTGACATCGCATCTTTTTGTACCTATAATGTGTGGAT,866.67,52.85,0,23
apFAB71,TTGACATCGCATCTTTTTGTACCTATAATAGATTCAT,866.3,23.88,0,23
apFAB72,TTGACATCGCATCTTTTTGTACCCATAATTATTTCAT,737.59,26.09,0,23
apFAB73,TTGACATCGCATCTTTTTGTACCTAGATTTAACGTAT,456.76,6.21,0,23
apFAB74,TTGACATTTATCCCTTGCGGCGAATACTTACAGCCAT,44.61,1.57,0,23
apFAB75,TTGACATTTATCCCTTGCGGCGATATAATGTGTGGAT,717.72,48.54,0,23
apFAB76,TTGACATTTATCCCTTGCGGCGATATAATAGATTCAT,736.51,32.05,0,23
apFAB77,TTGACATTTATCCCTTGCGGCGACATAATTATTTCAT,555.57,78.87,0,23
apFAB78,TTGACATTTATCCCTTGCGGCGATAGATTTAACGTAT,476.33,20.2,0,23
apFAB79,AAAAAATTTATTTGCTTTAAAGTCTAACCTATAGGATACTTACAGCCAT,728.65,32.33,11,35
apFAB80,AAAAAATTTATTTGCTTTAAAGTCTAACCTATAGGTATAATGTGTGGAT,787.2,25.62,11,35
apFAB81,AAAAAATTTATTTGCTTTAAAGTCTAACCTATAGGTATAATAGATTCAT,742.63,89.95,11,35
apFAB82,AAAAAATTTATTTGCTTTAAAGTCTAACCTATAGGCATAATTATTTCAT,389.53,10.28,11,35
apFAB83,AAAAAATTTATTTGCTTTAAAGTCTAACCTATAGGTAGATTTAACGTAT,79.3,3.75,11,35
apFAB84,AAAAAATTTATTTGCTTATTAATCATCCGGCTCGATACTTACAGCCAT,4.73,0.02,11,34
apFAB85,AAAAAATTTATTTGCTTATTAATCATCCGGCTCGTATAATGTGTGGAT,674.42,23.39,11,34
apFAB86,AAAAAATTTATTTGCTTATTAATCATCCGGCTCGTATAATAGATTCAT,44.62,0.4,11,34
apFAB87,AAAAAATTTATTTGCTTATTAATCATCCGGCTCGCATAATTATTTCAT,145.22,3.84,11,34
apFAB88,AAAAAATTTATTTGCTTATTAATCATCCGGCTCGTAGATTTAACGTAT,48.35,0.88,11,34
apFAB89,AAAAAATTTATTTGCTTTCAGGAAAATTTTTCTGATACTTACAGCCAT,223.77,17.34,11,34
apFAB92,AAAAAATTTATTTGCTTTCAGGAAAATTTTTCTGCATAATTATTTCAT,742.33,32.74,11,34
apFAB93,AAAAAATTTATTTGCTTTCAGGAAAATTTTTCTGTAGATTTAACGTAT,706.96,22.21,11,34
apFAB94,AAAAAATTTATTTGCTTTCGCATCTTTTTGTACCATACTTACAGCCAT,279.61,22.25,11,34
apFAB95,AAAAAATTTATTTGCTTTCGCATCTTTTTGTACCTATAATGTGTGGAT,425.41,27.08,11,34
apFAB96,AAAAAATTTATTTGCTTTCGCATCTTTTTGTACCTATAATAGATTCAT,748.82,51.8,11,34
apFAB97,AAAAAATTTATTTGCTTTCGCATCTTTTTGTACCCATAATTATTTCAT,477.74,31.38,11,34
apFAB98,AAAAAATTTATTTGCTTTCGCATCTTTTTGTACCTAGATTTAACGTAT,120.52,6.23,11,34
apFAB99,AAAAAATTTATTTGCTTTTTATCCCTTGCGGCGAATACTTACAGCCAT,26.55,0.82,11,34
apFAB100,AAAAAATTTATTTGCTTTTTATCCCTTGCGGCGATATAATGTGTGGAT,736.97,13.7,11,34
apFAB101,AAAAAATTTATTTGCTTTTTATCCCTTGCGGCGATATAATAGATTCAT,757.96,55.4,11,34
apFAB102,AAAAAATTTATTTGCTTTTTATCCCTTGCGGCGACATAATTATTTCAT,534.83,58.4,11,34
apFAB103,AAAAAATTTATTTGCTTTTTATCCCTTGCGGCGATAGATTTAACGTAT,459.25,28.67,11,34
apFAB104,TCGACATAAAGTCTAACCTATAGGATACTTACAGCCAT,126.83,2.52,0,24
apFAB105,TCGACATAAAGTCTAACCTATAGGTATAATGTGTGGAT,243.76,8.75,0,24
apFAB106,TCGACATAAAGTCTAACCTATAGGTATAATAGATTCAT,256.82,14.8,0,24
apFAB107,TCGACATAAAGTCTAACCTATAGGCATAATTATTTCAT,11.42,0.31,0,24
apFAB108,TCGACATAAAGTCTAACCTATAGGTAGATTTAACGTAT,3.64,-0.11,0,24
apFAB110,TCGACAATTAATCATCCGGCTCGTATAATGTGTGGAT,254.68,4.81,0,23
apFAB111,TCGACAATTAATCATCCGGCTCGTATAATAGATTCAT,327.29,2.32,0,23
apFAB112,TCGACAATTAATCATCCGGCTCGCATAATTATTTCAT,17.31,1.11,0,23
apFAB113,TCGACAATTAATCATCCGGCTCGTAGATTTAACGTAT,5.32,1.24,0,23
apFAB114,TCGACATCAGGAAAATTTTTCTGATACTTACAGCCAT,3.35,0.13,0,23
apFAB115,TCGACATCAGGAAAATTTTTCTGTATAATGTGTGGAT,573.79,93.47,0,23
apFAB117,TCGACATCAGGAAAATTTTTCTGCATAATTATTTCAT,62.96,109.85,0,23
apFAB118,TCGACATCAGGAAAATTTTTCTGTAGATTTAACGTAT,267.82,38.78,0,23
apFAB119,TCGACATCGCATCTTTTTGTACCATACTTACAGCCAT,20.87,3.83,0,23
apFAB120,TCGACATCGCATCTTTTTGTACCTATAATGTGTGGAT,81.75,7.86,0,23
apFAB121,TCGACATCGCATCTTTTTGTACCTATAATAGATTCAT,328.95,3.38,0,23
apFAB122,TCGACATCGCATCTTTTTGTACCCATAATTATTTCAT,36.82,1.72,0,23
apFAB123,TCGACATCGCATCTTTTTGTACCTAGATTTAACGTAT,11.21,1.12,0,23
apFAB124,TCGACATTTATCCCTTGCGGCGAATACTTACAGCCAT,2.65,0.11,0,23
apFAB125,TCGACATTTATCCCTTGCGGCGATATAATGTGTGGAT,363.2,25.19,0,23
apFAB126,TCGACATTTATCCCTTGCGGCGATATAATAGATTCAT,433.83,27.76,0,23
apFAB127,TCGACATTTATCCCTTGCGGCGACATAATTATTTCAT,48.38,3.37,0,23
apFAB128,TCGACATTTATCCCTTGCGGCGATAGATTTAACGTAT,26.65,1.7,0,23
apFAB129,CACGGTGTTAGACATAAAGTCTAACCTATAGGATACTTACAGCCAT,60.75,4.26,8,32
apFAB130,CACGGTGTTAGACATAAAGTCTAACCTATAGGTATAATGTGTGGAT,182.2,10.75,8,32
apFAB131,CACGGTGTTAGACATAAAGTCTAACCTATAGGTATAATAGATTCAT,167.8,13.1,8,32
apFAB133,CACGGTGTTAGACATAAAGTCTAACCTATAGGTAGATTTAACGTAT,0.85,1.96,8,32
apFAB134,CACGGTGTTAGACAATTAATCATCCGGCTCGATACTTACAGCCAT,2.53,0.07,8,31
apFAB136,CACGGTGTTAGACAATTAATCATCCGGCTCGTATAATAGATTCAT,3.2,0.79,8,31
apFAB137,CACGGTGTTAGACAATTAATCATCCGGCTCGCATAATTATTTCAT,7.1,0.57,8,31
apFAB138,CACGGTGTTAGACAATTAATCATCCGGCTCGTAGATTTAACGTAT,1.64,0.0,8,31
apFAB139,CACGGTGTTAGACATCAGGAAAATTTTTCTGATACTTACAGCCAT,0.68,0.03,8,31
apFAB140,CACGGTGTTAGACATCAGGAAAATTTTTCTGTATAATGTGTGGAT,508.94,46.49,8,31
apFAB141,CACGGTGTTAGACATCAGGAAAATTTTTCTGTATAATAGATTCAT,376.93,289.26,8,31
apFAB142,CACGGTGTTAGACATCAGGAAAATTTTTCTGCATAATTATTTCAT,214.92,20.33,8,31
apFAB143,CACGGTGTTAGACATCAGGAAAATTTTTCTGTAGATTTAACGTAT,157.01,18.31,8,31
apFAB144,CACGGTGTTAGACATCGCATCTTTTTGTACCATACTTACAGCCAT,13.08,2.15,8,31
apFAB145,CACGGTGTTAGACATCGCATCTTTTTGTACCTATAATGTGTGGAT,271.14,16.52,8,31
apFAB146,CACGGTGTTAGACATCGCATCTTTTTGTACCTATAATAGATTCAT,58.96,3.52,8,31
apFAB147,CACGGTGTTAGACATCGCATCTTTTTGTACCCATAATTATTTCAT,13.32,0.66,8,31
apFAB148,CACGGTGTTAGACATCGCATCTTTTTGTACCTAGATTTAACGTAT,4.01,0.56,8,31
apFAB149,CACGGTGTTAGACATTTATCCCTTGCGGCGAATACTTACAGCCAT,2.53,0.04,8,31
apFAB150,CACGGTGTTAGACATTTATCCCTTGCGGCGATATAATGTGTGGAT,366.5,5.95,8,31
apFAB151,CACGGTGTTAGACATTTATCCCTTGCGGCGATATAATAGATTCAT,422.84,33.0,8,31
apFAB152,CACGGTGTTAGACATTTATCCCTTGCGGCGACATAATTATTTCAT,40.72,4.45,8,31
