ID,sequence,mean_score,35boxstart,10boxstart
p1,TTAATCAATATTAGTTTCTTGACATCTTCTCCCGCATATGATATAATTAGTGAGTTACCATGGCGGCCGCTCTAGAAGAAGCTTGGGATCCGTCGACCTCGAATTCGGAGGAAACAAAGATG,3779.86,18,41
p11,TTACTGGACAAAATTTTCTTGACATATTTTTCGTTATATGATATAATGATGAGGTTTCCATGGCGGCCGCTCTAGAAGAAGCTTGGGATCCGTCGACCTCGAATTCGGAGGAAACAAAGATG,787.37,18,41
p12,TTAGAAGGAATTTGGTTCTTACATATTCGCACGCATGTGATATAATGGGGTTATTTCATGGCGGCCGCTSTAGAAGAAGCTTGGGATCCGTCGACCTSGAATTCGGAGGAAACAAAGATG,154.69,17,40
p13,CATACAGTTAAATTCTTCTTGACATATTCGGGTAAATATGGTATAATGGGAGCATATCCATGGCGGCCGCTCTAGAAGAAGCTTGGGATCCGTCGACCTCGAATTCGGAGGAAACAAAGATG,3149.04,18,41
p14,CTTCATTCTATAAGTTTCTTGACATCTTGGCCGGCATATGGTATAATAGGGAAATTTCCATGGCGGCCGCTCTAGAAGAAGCTTGGGATCCGTCGACCTCGAATTCGGAGGAAACAAAGATG,7606.83,18,41
p15,GCTTGAGGTATAAAATTCTTGACATATTCCGTCGTTATGGTATAATGGTTCCATATCCATGGCGGCCGCTCTAGAAGAAGCTTGGGATCCGTCGACCTCGAATTCGGAGGAAACAAAGATG,4783.13,18,40
p16,GCTTTTGGCAATTGGTTCTTGACATGTTGGCAGTTTGTGATATAATGGGGTCGTATCCATGGCGGCCGCTCTAGAAGAAGCTTGGGATCCGTCGACCTCGAATTCGGAGGAAACAAAGATG,297.88,18,40
p19,CTAGTCTGGATTTACTTCTTGACATGTTGTCATCATTATGGTATAATGTTTAGGTATCCATGGCGGCCGCTCTAGAAGAAGCTTGGGATCCGTCGACCTCGAATTCGGAGGAAACAAAGATG,4338.84,18,41
p20,ATTGAGTAGATAAGCTTCTTGACATCTTGGATGGATATGATATAATGTATGTGTATCCATGGCGGCCGCTCTAGAAGAAGCTTGGGATCCGTCGACCTCGAATTCGGAGGAAACAAAGATG,854.61,18,40
p22,GCTTCATTTATAAATTTCTTGACATTTTGGAATAGATGTGATATAATGTGTACATATCCATGGCGGCCGCTCTAGAAGAAGCTTGGGATCCGTCGACCTCGAATTCGGAGGAAACAAAGATG,3129.22,18,41
p23,CTTTTTGGAAATATTTTCTTGACATTTTGCCATGCATGTGATATAATGCGTGTGTTTCCATGGCGGCCGCTCTAGAAGAAGCTTGGGATCCGTCGACCTCGAATTCGGAGGAAACAAAGATG,2498.88,18,41
p25,CCCTATTAAATATAATTCTTGACATGTTGAGCCTCTTGTGGTATAATGGACGAGTTTCCATGGCGGCCGCTCTAGAAGAAGCTTGGGATCCGTCGACCTCGAATTCGGAGGAAACAAAGATG,485.06,18,41
p27,GTAAAGTGCATCAGGTTCTTGACATGTTCCGCACTTTATGATATAATAGATCTGTATCCATGGCGGCCGCTCTAGAAGAAGCTTGGGATCCGTCGACCTCGAATTCGGAGGAAACAAAGATG,1862.49,18,41
p29,CTTTAGCCTAAATGGTTCTTGACATGTTTAGGCGGCTTGTGGTATAATTTTGGCGTATCCATGGCGGCCGCTCTAGAAGAAGCTTGGGATCCGTCGACCTCGAATTCGGAGGAAACAAAGATG,4857.16,18,42
p3,CGCTATATAAAATTGTTCTTGACATCTTGGCCAGTATATGATATAATGTCGTAGTTTCCATGGCGGCCGCTCTAGAAGAAGCTTGGGATCCGTCGACCTCGAATTCGGAGGAAACAAAGATG,210.64,18,41
p30,CTTTGTACTAAAAGTTTCTTGACATATTAACCCCTATGTGATATAATTTGTAGGTTTCCATGGCGGCCGCTCTAGAAGAAGCTTGGGATCCGTCGACCTCGAATTCGGAGGAAACAAAGATG,487.24,18,41
p32,CCTAGTCGGAATTCGTTCTTACATATTCGTTAGCTATGATATAATGCTTTTGTATCCATGGCGGCCGCTCTAGAAGAAGCTTGGGATCCGTCGACCTCGAATTCGGAGGAAACAAAGATG,2796.75,17,39
p34,TTTGAGGACAAAAGGTTCTTGACATGTTCTAATGTTTATGCTATAATTTTTCGGTATCCATGGCGGCCGCTCTAGAAGAAGCTTGGGATCCGTCGACCTCGAATTCGGAGGAAACAAAGATG,3818.07,18,41
p36,TTTGAGGACAAAAGGTTCTTGACATGTTCTAATGTTTATGCTATAATTTTTCGGTATCCATGGCGGCCGCTCTAGAAGAAGCTTGGGATCCGTCGACCTCGAATTCGGAGGAAACAAAGATG,327.81,18,41
p37,CTTACATGAAAAAGGTTCTTGACATTTTAAATCCATGTGGTATATGTCATTTTTCCATGGCGGCCGCTCTAGAAGAAGCTTGGGATCCGTCGACCTCGAATTCGGAGGAAACAAAGATG,7176.96,18,40
p38,CTTTCACTTAAAACTTTCTTGACATCTTTCGTTACATGTGCTATAATTTAGGCGTTTCCATGGCGGCCGCTCTAGAAGAAGCTTGGGATCCGTCGACCTCGAATTCGGAGGAAACAAAGATG,4122.0,18,41
p4,GCTACTTCGATAACTTTCTTGACATGTTAAGCCCTTTGTGGTATAATAGCAAGGTAACCATGGCGGCCGCTCTAGAAGAAGCTTGGGATCCGTCGACCTCGAATTCGGAGGAAACAAAGATG,502.07,18,41
p40,ATTTTATGCAAATATTTCTTGACATTTTAACGAGAATGTGGTATAATTGGGTCGTATCCATGGCGGCCGCTCTAGAAGAAGCTTGGGATCCGTCGACCTCGAATTCGGAGGAAACAAAGATG,2996.55,18,41
p41,CGCTTGTGGAATATCTTCTTGACATATTCGAGTAGTATGTTATAATAATGGTGTATCCATGGCGGCCGCTCTAGAAGAAGCTTGGGATCCGTCGACCTCGAATTCGGAGGAAACAAAGATG,359.81,18,40
p42,TTAATGGGGAAAAGGTTCTTGACATTTTGGGCAAAATGTGATATAATTTATTTGTTTCCATGGCGGCCGCTCTAGAAGAAGCTTGGGATCCGTCGACCTCGAATTCGGAGGAAACAAAGATG,2435.19,18,41
p45,CTAGTGCGTAATAAGTTCTTGACATGTTATCGTGAATGTGATATAATTACGTTGTATCCATGGCGGCCGCTCTAGAAGAAGCTTGGGATCCGTCGACCTCGAATTCGGAGGAAACAAAGATG,1958.75,18,41
p46,GCATAGTTTAATATTTTCTTGACATGTTTCTTGTAATGTGATATAATGAGCTGGTTCCATGGCGGCCGCTCTAGAAGAAGCTTGGGATCCGTCGACCTCGAATTCGGAGGAAACAAAGATG,1254.07,18,40
p47,CATTGAAATATAACTTTCTTGACATCTTGCTCCTCATGTGATATAATGCATTGGTTCCATGGCGGCCGCTCTAGAAGAAGCTTGGGATCCGTCGACCTCGAATTCGGAGGAAACAAAGATG,3535.71,18,40
p48,TTACAAGGAATATTGTTCTTGACATCTTATCCTCTATGTGATATAATAACGACGTTTCCATGGCGGCCGCTCTAGAAGAAGCTTGGGATCCGTCGACCTCGAATTCGGAGGAAACAAAGATG,784.45,18,41
p49,GCATTGACGAAAACGTTCTTGACATGTTTTGCAGTTTATGGTATAATTTCGGAATTACCATGGCGGCCGCTCTAGAAGAAGCTTGGGATCCGTCGACCTCGAATTCGGAGGAAACAAAGATG,5422.75,18,41
p5,CTTTTTTGGAATTGTTTCTTGACATGTTACACTATATCTGGTATAATGAGATGGTTTCCATGGCGGCCGCTCTAGAAGAAGCTTGGGATCCGTCGACCTCGAATTCGGAGGAAACAAAGATG,710.97,18,41
p50,CTTTTATGTATATGCTTCTTACATATTACAGTTCATCTGGTATAATGTACCTGTTCCATGGCGGCCGCTCTAGAAGAAGCTTGGGATCCGTCGACCTCGAATTCGGAGGAAACAAAGATG,4003.84,17,40
p51,CTAGAAAGGAATTGTTTCTTGACATTTTCACAATTTATGGTATAATGGTCCAATAACCATGGCGGCCGCTCTAGAAGAAGCTTGGGATCCGTCGACCTCGAATTCGGAGGAAACAAAGATG,1225.65,18,40
p52,TTAGAGTTGAACTAATTCTTGACATGTTGTACTGAATATGGTATAATGGTTATGTTTCCATGGCGGCCGCTCTAGAAGAAGCTTGGGATCCGTCGACCTCGAATTCGGAGGAAACAAAGATG,740.84,18,41
p53,TTATATGGTATAAGGTTCTTGACATGTTTCATGCAAATGTGATATAATGGTACGGTTTCCATGGCGGCCGCTCTAGAAGAAGCTTGGGATCCGTCGACCTCGAATTCGGAGGAAACAAAGATG,647.6,18,42
p54,CTTAATTGTATTTGTTTCTTGACATCTTCGTGACCATGTGATATAATGTATCAGTTTCCATGGCGGCCGCTCTAGAAGAAGCTTGGGATCCGTCGACCTCGAATTCGGAGGAAACAAAGATG,611.05,18,41
p55,CTTAGAAGGAATTTGTTCTTGACATGTTGGTGTTGATGTGGTATAATTTTTAGGTATCCATGGCGGCCGCTCTAGAAGAAGCTTGGGATCCGTCGACCTCGAATTCGGAGGAAACAAAGATG,3154.04,18,41
p56,CTTTTTGGTAAAATTTTCTTGACATTTTCAACAGATGTGATATAATTGTCCTATAACCATGGCGGCCGCTCTAGAAGAAGCTTGGGATCCGTCGACCTCGAATTCGGAGGAAACAAAGATG,826.21,18,40
p57,ATATTTTAAATAAGATTCTTGACATCTTAGCTCGTATATGGTATAATACTGTAATATCCATGGCGGCCGCTCTAGAAGAAGCTTGGGATCCGTCGACCTCGAATTCGGAGGAAACAAAGATG,1929.78,18,41
p6,TTTTTCAGCAAAATTTTCTTGACATCTTCGGGGTAATGTGGTATAATAGGACCATATCCATGGCGGCCGCTCTAGAAGAAGCTTGGGATCCGTCGACCTCGAATTCGGAGGAAACAAAGATG,659.77,18,41
p61,CTAGTGTCCAAATCTTTCTTGACATGTTGCTCACAATATGATATAATATGATTGTTACCATGGCGGCCGCTCTAGAAGAAGCTTGGGATCCGTCGACCTCGAATTCGGAGGAAACAAAGATG,4702.94,18,41
p64,ATTTTATACAAATTTTTCTTGACATGTTGTGGGCTATGTGGTATAAGCGGAAGTAACCATGGCGGCCGCTCTAGAAGAAGCTTGGGATCCGTCGACCTCGAATTCGGAGGAAACAAAGATG,2226.37,18,40
p69,GCTTATATGATTATGTTCTTGACATTTTCCACCTCATATGATATAATTGAAAAATACCATGGCGGCCGCTCTAGAAGAAGCTTGGGATCCGTCGACCTCGAATTCGGAGGAAACAAAGATG,1207.79,18,40
p70,GCTAAAGTGATTAGGTTCTTGACATATTCTCGTGATGTGATATAATAGAAGAGTATCCATGGCGGCCGCTCTAGAAGAAGCTTGGGATCCGTCGACCTCGAATTCGGAGGAAACAAAGATG,1320.98,18,40
p71,GCTAGAGGTAAAAATTTCTTGACATGTTTGSGACGATATGTTATAATTATAAGGTATCCATGGCGGCCGCTCTAGAAGAAGCTTGGGATCCGTCGACCTCGAATTCGGAGGAAACAAAGATG,2546.92,18,41
p72,GCTTGAAGTAAATTATTCTTGACATATTATCCTATATGGTATAATAGTGCGGTTCCATGGCGGCCGCTCTAGAAGAAGCTTGGGATCCGTCGACCTCGAATTCGGAGGAAACAAAGATG,1925.57,18,39
p74,CTTGTTTATATATGGTTCTTGACATATTTCATCGCCTATGATATAATTCGGATATACCATGGCGGCCGCTCTAGAAGAAGCTTGGGATCCGTCGACCTCGAATTCGGAGGAAACAAAGATG,4769.97,18,40
p76,GCTACCATGAATTATTTCTTGACATTTTGGGCCGTTGTGATATAATGGAGACATACCATGGCGGCCGCTCTAGAAGAAGCTTGGGATCCGTCGACCTCGAATTCGGAGGAAACAAAGATG,1288.43,18,40
p77,CATAATGTTAAATTGTTCTTGACATATTGATACCTTTGTGATATAATATTGCAGTATCCATGGCGGCCGCTCTAGAAGAAGCTTGGGATCCGTCGACCTCGAATTCGGAGGAAACAAAGATG,147.42,18,41
p78,CGTTATTTTAAAATGTTCTTGACATCTTCGGGACGTTGTGATATAATGAACGGATTTCCATGGCGGCCGCTCTAGAAGAAGCTTGGGATCCGTCGACCTCGAATTCGGAGGAAACAAAGATG,1863.15,18,41
p79,ATTCAATGCAAATCATTCTTGACATCTTCCGTTTATTGTGGTATAATGTAGGTGTTTCCATGGCGGCCGCTCTAGAAGAAGCTTGGGATCCGTCGACCTCGAATTCGGAGGAAACAAAGATG,1158.7,18,41
p8,CTTTGTCGGAAAACATTCTTACATTTTCAGCCAATATGATATAATTCGCGGGTTACCATGGCGGCCGCTCTAGAAGAAGCTTGGGATCCGTCGACCTCGAATTCGGAGGAAACAAAGATG,6852.0,17,39
